Progressivo,Targa,Tipo,Marca,Ditta,Periodicità,Data_Immatricolazione,Bollo,SospPneum,NumAssi,KW,Regione
228,"CX441WV",1,0,14,4,"01/31/10 00:00:00",233.1,0,0,0,9
186,"DB462XJ",1,0,14,4,"03/31/10 00:00:00",233.1,0,0,0,9
268,"DN520MP",,,16,4,"03/31/10 00:00:00",127.61,0,0,0,9
235,"DR688CX",3,0,14,12,"07/31/10 00:00:00",33.82,0,0,0,9
266,"DT171EE",,,16,4,"03/01/10 00:00:00",127.61,0,0,0,9
2330,"FN155WD",0,0,75,4,"07/31/18 00:00:00",376.6,0,0,0,9
2343,"EP767BC",0,0,75,12,"01/31/19 00:00:00",33.82,0,0,0,9
2345,"EP769BC",0,0,75,12,"01/31/19 00:00:00",33.82,0,0,0,9
2349,"DB420XJ",0,0,75,12,"03/31/19 00:00:00",133.45,0,0,0,9
2357,"EJ94841",6,0,75,12,"05/18/18 00:00:00",34.18,0,0,0,9
2361,"FJ663HZ",0,0,75,12,"06/18/18 00:00:00",182.47,0,0,0,9
2363,"DY857NM",0,0,75,12,"12/31/18 00:00:00",33.82,0,0,0,9
2364,"EJ883TR",0,0,75,12,"12/18/18 00:00:00",33.82,0,0,0,9
2365,"FB884ME",0,0,75,12,"12/18/18 00:00:00",154.09,0,0,0,9
2366,"DP238KW",0,0,76,4,"04/30/18 00:00:00",244.11,0,0,0,9
2790,"EN305LP",0,0,83,12,"05/31/19 00:00:00",44.54,0,0,0,9
2791,"CE691966",0,0,83,12,"01/31/19 00:00:00",58.83,0,0,0,9
2793,"FT323GF",0,0,1,4,"11/30/18 00:00:00",244.16,0,0,0,9
2795,"FT431GF",0,0,16,4,"12/31/18 00:00:00",127.61,0,0,0,9
2796,"FT430GF",0,0,16,4,"12/31/18 00:00:00",127.61,0,0,0,9
2797,"BG976959",0,0,79,12,"01/31/18 00:00:00",42.94,0,0,0,9
2798,"FT449GF",0,0,77,4,"12/31/18 00:00:00",322.61,0,0,0,9
2801,"FM033CR",0,0,2,4,"04/30/19 00:00:00",127.61,0,0,0,9
2815,"EL915GK",0,0,82,4,"03/31/19 00:00:00",1,0,0,0,9
2816,"FL399HC",0,0,82,4,"01/31/19 00:00:00",1,0,0,0,9
2820,"CY788CY",0,0,88,12,"01/31/18 00:00:00",56.64,0,0,0,9
2823,"BH715WG",0,0,88,12,"12/31/17 00:00:00",114.99,0,0,0,9
2825,"DA347PF",0,0,88,12,"03/31/18 00:00:00",115.39,0,0,0,9
2831,"FN015FK",0,0,78,4,"04/30/19 00:00:00",211.53,0,0,0,9
2832,"CZ334EA",0,0,35,12,"11/30/19 00:00:00",125.09,0,0,0,9
2838,"EP009BC",0,0,35,12,"09/30/19 00:00:00",1,0,0,0,9
2839,"EZ885TC",0,0,35,12,"01/31/19 00:00:00",1,0,0,0,9
2840,"FH916LD",0,0,35,12,"02/28/19 00:00:00",713,0,0,0,9
2841,"FM206PM",0,0,35,12,,,0,0,0,9
340,"DH915GP",0,1,19,12,"03/01/10 00:00:00",33.82,0,0,0,9
341,"DH916GP",0,1,19,12,"03/01/10 00:00:00",33.82,0,0,0,9
342,"DH251MV",0,1,19,12,"04/01/10 00:00:00",24.69,0,0,0,9
343,"DH250MV",0,1,19,12,"04/01/10 00:00:00",24.69,0,0,0,9
345,"DT998VE",0,0,19,12,"05/31/10 00:00:00",33.82,0,0,0,9
346,"DC857VV",0,0,19,12,"05/31/10 00:00:00",33.82,0,0,0,9
347,"DC858VV",0,0,19,12,"05/31/10 00:00:00",33.82,0,0,0,9
349,"DT995VE",0,0,19,12,"05/31/10 00:00:00",33.82,0,0,0,9
351,"DD479RG",0,0,19,12,"05/01/10 00:00:00",56.64,0,0,0,7
357,"DR237CR",0,0,19,12,"06/30/10 00:00:00",33.82,0,0,0,9
360,"CX315WV",0,0,19,12,"09/01/10 00:00:00",68.08999999999999,0,0,0,9
361,"CX398WV",0,0,19,12,"09/01/10 00:00:00",33.82,0,0,0,9
362,"CX397WV",0,0,19,12,"09/01/10 00:00:00",33.82,0,0,0,9
364,"CX396WV",0,0,19,12,"09/01/10 00:00:00",33.82,0,0,0,9
365,"DR905ZB",0,0,19,12,"11/01/10 00:00:00",33.82,0,0,0,9
366,"DR904ZB",0,0,19,12,"11/01/10 00:00:00",33.82,0,0,0,9
367,"CS495CT",0,0,19,12,"10/01/10 00:00:00",33.82,0,0,0,9
384,"CL103LT",0,0,16,4,"12/31/18 00:00:00",127.61,0,0,0,9
386,"CX260WV",0,0,17,4,"05/31/25 00:00:00",235.63,0,0,0,9
388,"CZ248EA",0,0,17,4,"03/31/10 00:00:00",235.63,0,0,0,9
478,"CW641HC",8,0,,12,"01/31/11 00:00:00",375.05,1,3,0,5
487,"DH350MR",3,3,28,12,"03/31/10 00:00:00",33.82,0,0,0,9
504,"EC172ME",3,1,28,4,"04/30/10 00:00:00",322.61,1,3,332,9
507,"DL371SM",4,15,29,12,"09/30/10 00:00:00",280.4,0,0,0,9
1446,"EW778CW",0,0,44,12,"04/30/14 00:00:00",221.17,0,0,0,9
428,"AH085KT",3,0,25,12,"01/01/10 00:00:00",1126.05,0,0,0,9
430,"BY206EG",3,0,25,12,"01/31/10 00:00:00",964.09,0,0,0,9
432,"CB100LX",8,0,25,12,"01/31/10 00:00:00",33.82,0,0,0,9
435,"CZ039EA",3,0,25,12,"02/28/10 00:00:00",1126.06,0,0,0,9
436,"DN494DD",3,0,25,12,"12/31/10 00:00:00",24.69,0,0,0,9
525,"CT114ZF",3,3,30,4,"05/31/10 00:00:00",127.61,1,0,0,9
528,"EC018ME",1,1,29,4,"05/31/10 00:00:00",269.35,1,2,69,20
539,"EB307RC",3,0,4,4,"09/30/10 00:00:00",127.61,0,0,0,9
580,"EC715ME",0,0,19,12,"06/30/10 00:00:00",33.82,0,0,0,9
581,"EC716ME",0,0,19,12,"06/30/10 00:00:00",33.82,0,0,0,9
592,"DJ705EL",3,1,33,12,"06/30/10 00:00:00",239.19,0,0,0,9
597,"EC805ME",3,,33,12,"06/30/10 00:00:00",42.94,0,0,0,9
601,"EC876ME",1,7,17,4,"06/30/10 00:00:00",235.63,1,2,0,9
602,"DP362LE",3,0,14,12,"08/31/10 00:00:00",42.94,0,0,0,9
608,"EC930ME",1,1,,12,"05/31/11 00:00:00",233.11,0,0,0,9
646,"ZA220TR",4,0,26,12,"09/30/10 00:00:00",360.97,0,0,0,9
730,"CZ093DW",0,0,14,12,"11/30/10 00:00:00",33.82,0,0,0,9
772,"DD680RG",0,0,35,12,"08/30/11 00:00:00",33.82,0,0,0,9
773,"DD585RG",0,0,35,12,"08/30/11 00:00:00",33.82,0,0,0,9
663,"DP72676",0,0,35,12,"01/31/11 00:00:00",70.26000000000001,0,0,0,9
665,"CJ89117",0,0,35,12,"06/30/11 00:00:00",22.87,0,0,0,9
676,"CM693PC",0,0,35,12,"02/28/11 00:00:00",33.82,0,0,0,9
678,"DJ966EL",0,0,35,12,"06/30/11 00:00:00",56.64,0,0,0,9
679,"GM585AR",0,0,35,12,"12/31/10 00:00:00",125.09,0,0,0,9
680,"CW601AL",0,0,35,12,"03/31/11 00:00:00",102.27,0,0,0,9
683,"BZ564WY",0,0,35,12,"01/31/11 00:00:00",333.23,0,0,0,9
698,"DX257JW",,,19,12,"10/31/10 00:00:00",964.09,0,0,0,9
799,"EB425RC",0,0,19,12,"10/31/11 00:00:00",379.09,0,0,0,9
806,"EF644NC",1,1,14,4,"02/28/11 00:00:00",233.1,0,0,0,9
809,"EB644ZF",4,,,12,"02/28/11 00:00:00",210.85,0,0,0,9
813,"DP534LD",3,0,39,12,"08/31/11 00:00:00",33.82,0,0,0,9
814,"EC396ZC",3,0,39,12,"10/31/11 00:00:00",33.82,0,0,0,9
815,"DV806HE",3,3,39,12,"05/30/11 00:00:00",79.45,0,0,0,9
816,"EC397ZC",3,0,39,12,"10/31/11 00:00:00",33.82,0,0,0,9
822,"CR330ZW",3,0,39,12,"10/31/11 00:00:00",33.82,0,0,0,9
863,"BG366447",1,19,41,12,"01/31/12 00:00:00",113.67,0,0,0,9
866,"EB662RC",1,1,41,12,"02/28/12 00:00:00",144.63,0,0,0,9
890,"EH445ED",3,10,4,4,"05/30/11 00:00:00",127.61,0,0,0,9
906,"CS525XX",3,1,28,4,"07/31/11 00:00:00",233.1,0,0,0,9
930,"EJ291TR",1,0,28,4,"09/30/11 00:00:00",234.94,0,0,0,9
931,"EJ292TR",3,0,28,4,"09/30/11 00:00:00",322.61,0,0,0,9
933,"EJ422TM",3,0,39,12,"09/30/11 00:00:00",33.82,0,0,0,9
955,"CW154VS",0,0,19,12,"06/30/12 00:00:00",708.3,0,0,0,9
962,"DP269KW",0,0,19,12,"12/31/11 00:00:00",964.09,0,0,0,9
964,"CW156VS",0,0,19,12,"06/30/12 00:00:00",33.82,0,0,0,9
965,"CW157VS",0,0,19,12,"06/30/12 00:00:00",33.82,0,0,0,9
966,"CW293VS",0,0,19,12,"06/30/12 00:00:00",24.69,0,0,0,9
968,"DR580CR",0,0,19,12,"07/31/12 00:00:00",33.82,0,0,0,9
969,"DT232EE",0,0,19,12,"12/31/11 00:00:00",33.82,0,0,0,9
970,"DT233EE",0,0,19,12,"12/31/11 00:00:00",33.82,0,0,0,9
971,"DT234EE",0,0,19,12,"12/31/11 00:00:00",33.82,0,0,0,9
973,"CP374CZ",0,0,19,12,"03/31/12 00:00:00",33.82,0,0,0,9
976,"CM914PB",0,0,19,12,"02/29/12 00:00:00",33.82,0,0,0,9
984,"DX142JW",5,1,44,12,"05/31/12 00:00:00",379.09,0,0,0,9
988,"DW947BT",4,12,44,12,"03/31/12 00:00:00",136.03,0,0,0,9
996,"DB162XJ",0,0,19,12,"03/31/12 00:00:00",708.3,0,0,0,9
1003,"DA801NZ",0,0,35,4,"02/29/12 00:00:00",237.35,0,0,0,9
1013,"EL802HE",0,0,19,12,"02/29/12 00:00:00",33.82,0,0,0,9
1033,"EA036LY",4,8,29,12,"11/30/11 00:00:00",375.97,0,0,0,9
1061,"EN233MB",0,0,28,12,"09/30/12 00:00:00",33.82,0,0,0,9
1068,"DX593JW",0,0,46,12,"07/31/13 00:00:00",44.91,0,0,0,9
1077,"CD920FF",0,0,,4,"01/31/13 00:00:00",226.53,0,0,0,9
1079,"EB220RC",0,0,47,4,"01/31/13 00:00:00",322.61,0,0,0,9
1080,"CP678CZ",0,0,47,12,"04/30/13 00:00:00",125.09,0,0,0,9
1084,"CD920FF-",0,0,47,4,"01/31/13 00:00:00",421.53,0,0,0,9
1089,"EP213BC",0,0,1,4,"10/31/12 00:00:00",181.6,0,0,0,9
1090,"EJ209TR",5,1,44,12,"05/31/13 00:00:00",379.19,0,0,0,9
1092,"DT444EC",4,0,,12,"12/31/12 00:00:00",553.99,0,0,0,9
1165,"ES197VK",0,0,39,12,"07/31/13 00:00:00",33.82,0,0,0,9
1166,"ES196VK",0,0,39,12,"07/31/13 00:00:00",33.82,0,0,0,9
1096,"EG709FP",3,0,1,12,"01/31/13 00:00:00",33.82,0,0,0,9
1104,"BG389NX",0,0,25,12,"09/30/13 00:00:00",56.64,0,0,0,9
1108,"BV054VR",0,0,25,12,"11/30/13 00:00:00",170.73,0,0,0,9
1110,"CD300FS",0,0,25,12,"09/30/13 00:00:00",33.82,0,0,0,9
1112,"CG600BF",0,0,19,12,"01/31/14 00:00:00",33.82,0,0,0,9
1117,"DR584CR",0,0,19,12,"07/31/10 00:00:00",56.64,0,0,0,9
1128,"EM602JG",4,0,21,12,"02/28/13 00:00:00",33.82,0,0,0,9
1141,"DX770JW",0,0,35,12,"04/30/13 00:00:00",713.46,0,0,0,9
1142,"DX771JW",0,0,35,12,"04/30/13 00:00:00",713.46,0,0,0,9
1148,"ER268VY",0,0,47,4,"04/30/13 00:00:00",322.61,0,0,0,9
1154,"CL647AY",3,0,53,12,"11/30/13 00:00:00",125.09,0,0,0,9
1220,"ET060HJ",0,0,16,4,"09/30/13 00:00:00",190.87,0,0,0,17
1256,"CZ713EA",0,0,53,4,"12/31/13 00:00:00",127.61,0,0,0,9
1258,"CT957ZF",0,0,53,12,"02/28/14 00:00:00",33.82,0,0,0,9
1259,"CX050WV",0,0,53,4,"12/31/13 00:00:00",127.61,0,0,0,9
1271,"DS685AD",0,0,53,4,"01/31/14 00:00:00",127.61,0,0,0,9
1273,"DC759XN",0,0,53,4,"01/31/14 00:00:00",112.32,0,0,0,9
1278,"DA921ZE",0,0,53,4,"01/31/14 00:00:00",112.32,0,0,0,9
1294,"CT541YP",0,0,53,4,"03/30/14 00:00:00",127.61,0,0,0,9
1295,"CW504CW",0,0,53,4,"02/28/14 00:00:00",112.32,0,0,0,9
1297,"DG831KC",0,0,53,4,"03/30/14 00:00:00",322.61,0,0,0,9
1299,"DM791DA",0,0,53,12,"04/30/14 00:00:00",102.71,0,0,0,9
1314,"DW438HS",0,0,54,12,"05/30/14 00:00:00",33.82,0,0,0,9
1315,"DB042XJ",0,0,54,4,"03/30/13 00:00:00",233.1,0,0,0,9
1328,"DH162CS",0,0,54,4,"06/30/13 00:00:00",322.61,0,0,0,9
1329,"CM198PE",0,0,54,4,"01/31/13 00:00:00",322.61,0,0,0,9
1330,"CB569MJ",0,0,54,4,"01/31/13 00:00:00",322.61,0,0,0,9
1333,"ET918HJ",0,0,14,4,"02/28/14 00:00:00",239.07,0,0,0,9
1339,"AN457PP",3,1,,4,"09/30/13 00:00:00",127.61,0,0,0,9
1342,"BG244PC",3,1,55,4,"09/30/13 00:00:00",322.61,0,0,0,9
1345,"FM369CR",3,3,55,12,"01/31/14 00:00:00",216.37,0,0,0,9
1346,"BY722EF",3,12,55,12,"09/30/13 00:00:00",239.19,0,0,0,9
1348,"CE174TB",3,1,55,12,"01/31/14 00:00:00",239.19,0,0,0,9
1350,"CL124LS",3,1,55,12,"01/31/14 00:00:00",216.37,0,0,0,9
1354,"CW442AL",3,1,55,4,"07/30/14 00:00:00",139.94,0,0,0,9
1355,"CZ277AL",8,1,55,12,"05/30/14 00:00:00",42.94,0,0,0,9
1356,"DA293NZ",3,1,55,4,"09/30/13 00:00:00",112.32,0,0,0,9
1357,"DB821EY",8,1,55,12,"07/30/13 00:00:00",33.82,0,0,0,9
1360,"DH198GP",3,1,55,12,"04/30/19 00:00:00",102.27,0,0,0,9
1362,"DH448MV",3,1,55,12,"04/30/13 00:00:00",239.19,0,0,0,9
1363,"DH608DF",1,1,55,4,"10/30/13 00:00:00",234.94,0,0,0,9
1364,"DJ867FL",8,1,55,12,"08/30/13 00:00:00",42.94,0,0,0,9
1367,"FM385CR",3,1,55,4,"11/30/13 00:00:00",112.32,0,0,0,9
1368,"FM433CR",3,1,55,4,"12/31/18 00:00:00",127.61,0,0,0,9
1370,"DN336MP",3,1,55,4,"10/30/13 00:00:00",127.61,0,0,0,9
1371,"DP080KW",3,1,55,4,"12/31/12 00:00:00",112.32,0,0,0,9
1373,"DT113EE",3,3,55,12,"11/30/13 00:00:00",216.37,0,0,0,9
1378,"EC295ME",3,1,55,12,"04/30/14 00:00:00",33.82,0,0,0,12
1382,"EJ032TR",3,1,55,12,"08/30/14 00:00:00",33.82,0,0,0,9
1383,"EJ033TR",3,1,55,12,"08/30/14 00:00:00",33.82,0,0,0,9
1390,"ER271VY",3,1,55,12,"08/30/13 00:00:00",33.82,0,0,0,9
1392,"ER658VY",3,19,55,12,"06/30/13 00:00:00",33.82,0,0,0,9
1395,"ET070HJ",3,1,55,12,"11/30/16 00:00:00",239.19,0,0,0,9
1396,"ET168HJ",3,1,55,4,"01/31/14 00:00:00",127.61,0,0,0,9
1397,"ET333HJ",1,1,55,4,"01/31/14 00:00:00",241.61,0,0,0,9
1398,"ET446HJ",3,1,55,12,"11/30/13 00:00:00",42.94,0,0,0,9
1400,"ET594HJ",1,1,55,4,"12/31/18 00:00:00",234.94,0,0,0,9
1401,"ZA783RY",1,1,55,4,"01/31/13 00:00:00",242.39,0,0,0,9
1405,"EH447ED",3,1,55,4,"01/31/18 00:00:00",112.32,0,0,0,9
1427,"DZ229AK",0,0,55,12,"10/30/14 00:00:00",56.64,0,0,0,9
1440,"ER018VY",0,0,55,12,"03/30/14 00:00:00",239.19,0,0,0,9
1451,"ER726VY",0,0,16,4,"05/30/14 00:00:00",190.87,0,0,0,17
1452,"ER725VY",0,0,16,4,"05/30/14 00:00:00",190.87,0,0,0,17
1457,"DM730FJ",0,0,14,12,"10/30/14 00:00:00",33.82,0,0,0,9
1460,"EW386BR",0,0,14,4,"04/30/14 00:00:00",237.35,0,0,0,9
2018,"CH328GT",0,0,55,4,"06/30/17 00:00:00",112.32,0,0,0,9
1463,"EF280DC",0,0,53,12,"11/30/14 00:00:00",125.09,0,0,0,9
1466,"DX387JW",0,0,17,4,"06/30/14 00:00:00",127.61,0,0,0,9
1474,"EF932MZ",0,0,16,4,"05/30/14 00:00:00",190.87,0,0,0,17
1475,"EF933MZ",0,0,16,4,"05/30/14 00:00:00",190.87,0,0,0,17
1480,"CT441EC",0,0,,4,"08/30/14 00:00:00",127.61,0,0,0,9
1489,"DK849HY-",0,0,53,4,"09/30/14 00:00:00",127.61,0,0,0,9
1492,"DK810HY-",0,0,53,4,"08/30/14 00:00:00",127.61,0,0,0,9
1496,"CE468TB-",0,0,53,4,"09/30/14 00:00:00",127.61,0,0,0,9
1497,"DS183FN-",0,0,53,12,"02/28/15 00:00:00",193.85,0,0,0,9
1498,"DL437NA-",0,0,53,4,"06/30/14 00:00:00",127.61,0,0,0,9
1499,"DL182NA-",0,0,53,4,"06/30/14 00:00:00",127.61,0,0,0,9
1501,"EF267DC",0,0,53,4,"09/30/14 00:00:00",144.46,0,0,0,9
1506,"EF960MZ-",0,0,55,12,"06/30/14 00:00:00",42.94,0,0,0,9
1507,"EF969MZ",0,0,55,12,"06/30/14 00:00:00",102.27,0,0,0,9
1509,"DA639DX",0,0,55,12,"03/31/15 00:00:00",239.19,0,0,0,9
1517,"DJ030DH",0,0,55,12,"04/30/15 00:00:00",79.45,0,0,0,9
1534,"DY915NM",0,0,55,12,"12/31/14 00:00:00",33.82,0,0,0,9
1536,"DK444WP",0,0,55,12,"08/30/14 00:00:00",33.82,0,0,0,9
1537,"EW075TY",0,0,47,12,"08/30/14 00:00:00",375.97,0,0,0,9
1538,"DY275NM",0,0,55,12,"10/30/14 00:00:00",33.82,0,0,0,9
1552,"ET120HZ",0,0,47,4,"09/30/14 00:00:00",234.82,0,0,0,9
1557,"	EX116BS",0,0,55,12,"09/30/14 00:00:00",33.82,0,0,0,9
1562,"EX250BS",0,0,16,4,"09/30/14 00:00:00",192.87,0,0,0,9
1570,"EX826DT",0,0,39,12,"10/30/14 00:00:00",33.82,0,0,0,9
1571,"DH199GP",0,0,55,4,"10/30/13 00:00:00",239.08,0,0,0,12
1575,"EX964LF",0,0,14,4,"11/30/14 00:00:00",237.35,0,0,0,9
1577,"EC642YZ",0,0,55,12,"10/31/19 00:00:00",24.69,0,0,0,9
1580,"EX340BS",0,0,41,4,"10/30/14 00:00:00",237.35,0,0,0,9
1597,"BGB22734",0,0,59,12,"12/31/14 00:00:00",206.27,0,0,0,9
1602,"BB82914",0,0,59,12,"01/31/15 00:00:00",27.27,0,0,0,9
1604,"ET004HJ",0,0,59,4,"01/31/15 00:00:00",322.61,0,0,0,9
1605,"AW532PY",0,0,59,12,"01/31/15 00:00:00",102.27,0,0,0,9
1613,"CW820AM",0,0,59,12,"05/31/15 00:00:00",42.94,0,0,0,9
1620,"EC864YZ",0,0,59,12,"11/30/15 00:00:00",125.09,0,0,0,9
1626,"CB840MK",0,0,19,12,"01/31/15 00:00:00",964.09,0,0,0,9
1627,"BK181VY",0,0,28,4,"02/28/15 00:00:00",127.61,0,0,0,9
1628,"EY341DF",0,0,16,4,"01/31/15 00:00:00",67.87,0,0,0,17
1629,"EY452DF",0,0,16,4,"01/31/15 00:00:00",84.87,0,0,0,17
1631,"EY450DF",0,0,16,4,"01/31/15 00:00:00",84.87,0,0,0,17
1634,"EY334DF",0,0,55,12,"01/31/15 00:00:00",239.19,0,0,0,9
1636,"EY454DF",0,0,55,4,"01/31/15 00:00:00",234.94,0,0,0,9
1639,"EX876XY",0,0,39,12,"01/31/19 00:00:00",33.82,0,0,0,9
1642,"EY765ZR",0,0,39,12,"02/28/19 00:00:00",33.82,0,0,0,9
1643,"EY763ZR",0,0,39,12,"02/28/19 00:00:00",33.82,0,0,0,9
1652,"CL942MC",0,0,54,12,"04/30/15 00:00:00",190.87,0,0,0,9
1654,"EZ869BT",0,0,55,4,"03/31/15 00:00:00",234.94,0,0,0,9
1660,"DX239JW",0,0,35,12,"06/30/14 00:00:00",33.82,0,0,0,9
1663,"EZ949FV",0,0,55,12,"04/30/15 00:00:00",239.19,0,0,0,9
1665,"	EZ880FV",0,0,28,4,"04/30/15 00:00:00",322.61,0,0,0,9
1666,"EZ902FV",0,0,14,4,"04/30/15 00:00:00",322.61,0,0,0,9
1667,"FH882LD",0,0,59,4,"06/30/15 00:00:00",234.94,0,0,0,9
1668,"BE086NZ",0,0,55,4,"05/30/15 00:00:00",84.81,0,0,0,9
1672,"EF253NC",0,0,47,4,"09/30/15 00:00:00",239.87,0,0,0,9
1674,"ER661VY",0,0,16,4,"05/30/15 00:00:00",67.87,0,0,0,9
1675,"ER660VY",0,0,16,4,"05/30/15 00:00:00",67.87,0,0,0,9
1676,"ER659VY",0,0,16,4,"05/30/15 00:00:00",67.87,0,0,0,9
1686,"FA991AG",0,0,19,12,"06/30/15 00:00:00",71.53,0,0,0,9
1687,"FA992AG",0,0,19,12,"06/30/15 00:00:00",71.53,0,0,0,9
1688,"FA990AG",0,0,19,12,"06/30/15 00:00:00",71.53,0,0,0,9
1692,"CF832AK",0,0,53,4,"07/31/15 00:00:00",307.32,0,0,0,9
1693,"FA056LN",0,0,25,12,"06/30/15 00:00:00",236.65,0,0,0,9
1695,"EC825ME",0,0,35,12,"06/30/15 00:00:00",34.89,0,0,0,9
1707,"EP672BC-",3,12,,12,"10/30/15 00:00:00",33.82,0,0,0,9
1708,"DG928MV",0,0,55,12,"01/31/16 00:00:00",33.82,0,0,0,9
1751,"FB092BP",0,0,16,4,"09/30/15 00:00:00",127.61,0,0,0,9
1752,"FB093BP",0,0,16,4,"09/30/15 00:00:00",127.61,0,0,0,9
1759,"FA109ZS",0,0,53,4,"09/30/15 00:00:00",237.35,0,0,0,9
1760,"FA110ZS",0,0,53,4,"09/30/15 00:00:00",237.35,0,0,0,9
1761,"FA168ZS",0,0,53,4,"09/30/15 00:00:00",237.35,0,0,0,9
1762,"FA169ZS",0,0,53,4,"09/30/15 00:00:00",237.35,0,0,0,9
1766,"FA945AG",0,0,35,12,"10/30/15 00:00:00",392.09,0,0,0,9
1777,"DY222JA",0,0,53,12,"10/30/15 00:00:00",102.27,0,0,0,9
1780,"EN111MB",0,0,35,12,"09/30/16 00:00:00",569.47,0,0,0,9
1783,"DL36615",0,0,46,12,"04/30/16 00:00:00",67.62,0,0,0,9
1784,"DD49436",0,0,46,12,"01/31/16 00:00:00",20.98,0,0,0,9
1788,"FC791FV",0,0,54,12,"01/31/16 00:00:00",414.67,0,0,0,9
1789,"FC229FW",0,0,14,4,"12/31/15 00:00:00",322.61,0,0,0,9
1790,"FC265FW",0,0,25,12,"12/31/15 00:00:00",964.09,0,0,0,9
1793,"FC278FW",0,0,35,12,"12/31/16 00:00:00",77.45,0,0,0,9
1794,"FC152FW",0,0,55,4,"12/31/15 00:00:00",112.32,0,0,0,9
1795,"FC309FW",0,0,53,4,"12/31/15 00:00:00",237.35,0,0,0,9
1799,"EJ371TR-",0,0,17,4,"01/31/16 00:00:00",230.32,0,0,0,9
1802,"BG216606",0,0,25,12,"02/28/16 00:00:00",68.67,0,0,0,9
1807,"FC827RS",0,0,53,4,"01/31/16 00:00:00",237.35,0,0,0,9
1808,"FC828RS",0,0,53,4,"01/31/16 00:00:00",237.35,0,0,0,9
1809,"FC829RS",0,0,53,4,"01/31/16 00:00:00",237.35,0,0,0,9
1814,"DK826RM",0,0,53,4,"01/31/16 00:00:00",113.99,0,0,0,9
1816,"FC898RS",0,0,35,12,"01/31/16 00:00:00",24.78,0,0,0,9
1831,"EF896NC",1,7,17,4,"03/30/11 00:00:00",307.22,0,0,0,9
1833,"EF895NC",1,7,17,4,"03/30/11 00:00:00",307.22,0,0,0,9
1895,"FF052XL",0,0,1,4,"09/30/16 00:00:00",236.43,0,0,0,9
1896,"FF867ES",0,0,47,12,"08/30/17 00:00:00",356.62,0,0,0,9
1897,"GA468BK",0,0,2,4,"10/30/16 00:00:00",322.61,0,0,0,9
1898,"FM493CR",0,0,35,12,"08/30/16 00:00:00",33.82,0,0,0,9
1906,"FF134XL",0,0,1,4,"10/30/16 00:00:00",234.82,0,0,0,9
1907,"FF135XL",0,0,1,4,"10/30/16 00:00:00",236.43,0,0,0,9
1908,"FC382FW",0,0,66,4,"01/31/17 00:00:00",236.12,0,0,0,9
1909,"FC383FW",0,0,66,4,"01/31/17 00:00:00",236.12,0,0,0,9
1910,"FC384FW",0,0,66,4,"01/31/17 00:00:00",236.12,0,0,0,9
1911,"FC385FW",0,0,66,4,"01/31/17 00:00:00",236.12,0,0,0,9
1912,"FC386FW",0,0,66,4,"01/31/17 00:00:00",236.12,0,0,0,9
1913,"FC387FW",0,0,66,4,"01/31/17 00:00:00",236.12,0,0,0,9
1914,"FC388FW",0,0,66,4,"01/31/17 00:00:00",236.12,0,0,0,9
1915,"FC389FW",0,0,66,4,"01/31/17 00:00:00",236.12,0,0,0,9
1916,"FC390FW",0,0,66,4,"01/31/17 00:00:00",236.12,0,0,0,9
1917,"FC391FW",0,0,66,4,"01/31/17 00:00:00",236.12,0,0,0,9
1918,"FC392FW",0,0,66,4,"01/31/17 00:00:00",236.12,0,0,0,9
1919,"FC393FW",0,0,66,4,"01/31/17 00:00:00",236.12,0,0,0,9
1920,"FC394FW",0,0,66,4,"01/31/17 00:00:00",236.12,0,0,0,9
1921,"FC395FW",0,0,66,4,"01/31/17 00:00:00",236.12,0,0,0,9
1925,"DH782GP",0,0,55,12,"03/31/17 00:00:00",33.82,0,0,0,9
1926,"DG927MV",0,0,55,12,"01/31/17 00:00:00",33.82,0,0,0,9
1927,"CY435XP",0,0,55,12,"12/31/16 00:00:00",33.82,0,0,0,9
1928,"FF260XL",0,0,1,4,"10/31/16 00:00:00",236.43,0,0,0,9
1929,"FF261XL",0,0,1,4,"10/31/16 00:00:00",236.43,0,0,0,9
1932,"FF142XL",0,0,1,4,"10/30/16 00:00:00",236.43,0,0,0,9
1933,"EL029HE",0,0,28,4,"02/28/18 00:00:00",322.61,0,0,0,9
1936,"FF322XL",0,0,1,4,"11/30/16 00:00:00",236.43,0,0,0,9
1937,"FF321XL",0,0,1,4,"11/30/16 00:00:00",236.43,0,0,0,9
1938,"FF324XL",0,0,41,4,"11/30/16 00:00:00",237.35,0,0,0,9
1940,"FF059TR",0,0,55,4,"09/30/16 00:00:00",232.3,0,0,0,9
1942,"FF387XL",0,0,1,4,"11/30/16 00:00:00",236.43,0,0,0,9
1943,"FF388XL",0,0,1,4,"11/30/16 00:00:00",236.43,0,0,0,9
1944,"FF476XL",0,0,28,4,"11/30/16 00:00:00",322.61,0,0,0,9
1948,"EZ909BS",0,0,39,12,"12/31/16 00:00:00",453.37,0,0,0,9
1949,"EZ907BS",0,0,39,12,"01/31/16 00:00:00",43.72,0,0,0,9
1950,"EZ908BS",0,0,39,12,"01/31/16 00:00:00",43.72,0,0,0,9
1958,"EH164ED",0,0,17,4,"04/30/17 00:00:00",127.61,0,0,0,9
1960,"FF792TR",0,0,53,4,"12/31/16 00:00:00",112.32,0,0,0,9
1961,"FF793TR",0,0,53,4,"12/31/16 00:00:00",112.32,0,0,0,9
1962,"FF794TR",0,0,53,4,"12/31/16 00:00:00",112.32,0,0,0,9
1963,"FF804TR",0,0,53,4,"12/31/16 00:00:00",234.71,0,0,0,9
1964,"FF802TR",0,0,53,4,"12/31/16 00:00:00",234.71,0,0,0,9
1965,"FF801TR",0,0,53,4,"12/31/16 00:00:00",234.71,0,0,0,9
1966,"FF803TR",0,0,53,4,"12/31/16 00:00:00",234.71,0,0,0,9
1967,"FF805TR",0,0,53,4,"12/31/16 00:00:00",237.35,0,0,0,9
1968,"FF806TR",0,0,53,4,"12/31/16 00:00:00",237.35,0,0,0,9
1969,"FF807TR",0,0,53,4,"12/31/16 00:00:00",237.35,0,0,0,9
1970,"FF808TR",0,0,53,4,"12/31/16 00:00:00",237.35,0,0,0,9
1971,"X084469",0,0,55,12,"12/31/16 00:00:00",211.87,0,0,0,9
1973,"FF553TR",0,0,14,4,"12/31/16 00:00:00",237.35,0,0,0,9
1979,"EH303ED",0,0,17,4,"05/31/25 00:00:00",127.61,0,0,0,9
1980,"FH591LA",0,0,59,12,"01/30/17 00:00:00",271.48,0,0,0,9
1981,"FF919TR",0,0,41,12,"01/31/17 00:00:00",42.94,0,0,0,9
1986,"FF990TR",0,0,14,4,"02/28/17 00:00:00",23735,0,0,0,9
1987,"FE933TJ",0,0,2,4,"02/28/17 00:00:00",236.43,0,0,0,9
1989,"FF824TR",0,0,53,4,"01/31/17 00:00:00",112.32,0,0,0,9
1991,"FF999TR",0,0,53,4,"02/28/17 00:00:00",112.32,0,0,0,9
1992,"FH945LD",0,0,53,4,"02/28/17 00:00:00",112.33,0,0,0,9
1993,"FF088XL",0,0,15,4,"02/28/17 00:00:00",237.35,0,0,0,9
1996,"FJ059CF",0,0,4,4,"03/31/17 00:00:00",322.61,0,0,0,9
1997,"FF692TR",0,0,30,4,"02/28/17 00:00:00",322.61,0,0,0,9
1998,"FJ092CF",0,0,47,4,"03/30/17 00:00:00",322.61,0,0,0,9
1999,"CW588AD",0,0,54,12,"03/30/17 00:00:00",33.82,0,0,0,9
2000,"BG216924",0,0,26,12,"03/30/18 00:00:00",77.17,0,0,0,9
2001,"EL763VK",0,0,26,12,"03/30/17 00:00:00",192.79,0,0,0,9
2004,"CY013CX",0,0,68,4,"07/30/17 00:00:00",237.35,0,0,0,9
1834,"EF894NC",1,7,17,4,"03/30/11 00:00:00",307.22,0,0,0,9
1836,"EH253ED",0,0,47,4,"04/30/16 00:00:00",322.61,0,0,0,9
1838,"FD380LP",0,0,1,4,"04/30/16 00:00:00",322.61,0,0,0,9
1839,"FD383LP",0,0,1,4,"04/30/16 00:00:00",322.61,0,0,0,9
1841,"FD038LP",0,0,53,4,"03/31/16 00:00:00",237.35,0,0,0,9
1842,"FD039LP",0,0,53,4,"03/31/16 00:00:00",237.35,0,0,0,9
1844,"	FE156CE",0,0,1,4,"05/30/16 00:00:00",322.61,0,0,0,9
1845,"FD081LP",0,0,19,12,"03/31/16 00:00:00",33.82,0,0,0,9
1850,"FA839LR",0,0,17,4,"11/30/15 00:00:00",236.43,0,0,0,9
1851,"FA840LR",0,0,17,4,"11/30/15 00:00:00",236.43,0,0,0,9
1854,"FC933RS",0,0,35,12,"05/30/17 00:00:00",708.3,0,0,0,9
1856,"CX184NJ",0,0,55,4,"05/31/16 00:00:00",113.88,0,0,0,9
1859,"FE244CE",0,0,53,4,"05/31/16 00:00:00",237.35,0,0,0,9
1860,"FE245CE",0,0,53,4,"05/31/16 00:00:00",237.35,0,0,0,9
1861,"FE247CE",0,0,53,4,"05/31/16 00:00:00",237.35,0,0,0,9
1862,"FE246CE",0,0,53,4,"05/31/16 00:00:00",237.35,0,0,0,9
1863,"FD309LP",0,0,55,12,"08/31/16 00:00:00",239.19,0,0,0,9
1864,"EC905JE",0,0,41,4,"05/31/16 00:00:00",329.62,0,0,0,9
1866,"FE610TJ",0,0,41,4,"07/31/16 00:00:00",319.07,0,0,0,9
1870,"EF453YW",0,0,30,12,"01/31/17 00:00:00",33.82,0,0,0,9
1874,"FF757EW",0,0,35,4,"08/31/16 00:00:00",239.07,0,0,0,9
1877,"FF768EW",0,0,53,4,"08/31/16 00:00:00",234.71,0,0,0,9
1878,"FF764EW",0,0,53,4,"08/30/16 00:00:00",234.71,0,0,0,9
1879,"FF765EW",0,0,53,4,"08/30/16 00:00:00",234.71,0,0,0,9
1880,"FF766EW",0,0,53,4,"08/30/16 00:00:00",234.71,0,0,0,9
1881,"FF767EW",0,0,53,4,"08/30/16 00:00:00",234.71,0,0,0,9
1882,"EH821ED",0,0,17,4,"05/31/25 00:00:00",127.61,0,0,0,9
1883,"EJ076TR",0,0,28,4,"08/30/16 00:00:00",237.35,0,0,0,9
1886,"FF868ZJ",0,0,35,12,"09/30/16 00:00:00",584.95,0,0,0,9
1888,"FF938EW",0,0,14,4,"08/30/16 00:00:00",237.35,0,0,0,9
1889,"FF037XL",0,0,1,4,"09/30/16 00:00:00",234.82,0,0,0,9
2013,"FJ997VR",0,0,28,4,"05/30/17 00:00:00",322.61,0,0,0,9
2014,"EX030BS",0,0,47,4,"09/30/17 00:00:00",322.61,0,0,0,9
2093,"FJ980VR",0,0,28,12,"05/30/17 00:00:00",147.91,0,0,0,9
2094,"FJ981VR",0,0,28,12,"05/30/17 00:00:00",147.91,0,0,0,9
2095,"FL831BL",0,0,16,4,"06/30/17 00:00:00",234.71,0,0,0,9
2097,"FL833BL",0,0,16,4,"06/30/17 00:00:00",234.71,0,0,0,9
2098,"FE896TJ",0,0,44,12,"10/30/17 00:00:00",379.09,0,0,0,9
2099,"FL850BL",0,0,15,4,"06/30/17 00:00:00",237.35,0,0,0,9
2100,"FL849BL",0,0,2,4,"06/30/17 00:00:00",236.43,0,0,0,9
2111,"DM685JC",0,0,55,12,"07/31/17 00:00:00",79.45,0,0,0,9
2112,"FL948BL",0,0,28,4,"07/30/17 00:00:00",147.16,0,0,0,9
2114,"CW32704",0,0,46,12,"02/28/18 00:00:00",63.66,0,0,0,9
2115,"FL971BL",0,0,2,4,"07/31/17 00:00:00",127.61,0,0,0,9
2116,"CV887KN",0,0,39,12,"05/30/18 00:00:00",101.91,0,0,0,9
2120,"FF914TT",0,0,39,12,"09/30/17 00:00:00",33.82,0,0,0,9
2122,"EW115WE",0,0,,12,"09/30/17 00:00:00",33.82,0,0,0,9
2123,"DJ905FL",0,0,55,12,"04/30/18 00:00:00",42.94,0,0,0,9
2126,"EJ077TR",0,0,28,4,"12/31/17 00:00:00",235.63,0,0,0,9
2147,"EP641RM",0,0,55,12,"02/28/18 00:00:00",33.82,0,0,0,9
2148,"DR798DJ",0,0,26,12,"09/30/17 00:00:00",1126.05,0,0,0,9
2155,"FM109CR",0,0,16,4,"09/30/17 00:00:00",127.61,0,0,0,9
2156,"CP315ZK",0,0,47,4,"09/30/17 00:00:00",241.59,0,0,0,9
2157,"FF862XJ",0,0,1,12,"11/30/16 00:00:00",33.82,0,0,0,9
2160,"ZA514XX",0,0,14,12,"09/30/18 00:00:00",234.07,0,0,0,9
2164,"FM228CR",0,0,35,12,"10/30/17 00:00:00",42.94,0,0,0,9
2165,"FM243CR",0,0,16,4,"10/30/17 00:00:00",127.6,0,0,0,9
2167,"FM298CR",0,0,41,12,"10/30/17 00:00:00",33.82,0,0,0,9
2172,"AW356CS",0,0,68,12,"05/30/17 00:00:00",79.45,0,0,0,9
2179,"EG868HT",0,0,26,12,"01/31/18 00:00:00",675.85,0,0,0,9
2183,"EP393BC",0,0,28,12,"09/30/18 00:00:00",414.91,0,0,0,9
2184,"FM014PM",0,0,59,4,"10/30/17 00:00:00",239.07,0,0,0,9
2185,"FM143PM",0,0,28,4,"11/30/17 00:00:00",322.61,0,0,0,9
2186,"FM159PM",0,0,26,12,"11/30/17 00:00:00",541.0599999999999,0,0,0,9
2189,"FM207PM",0,0,41,12,"11/30/17 00:00:00",42.94,0,0,0,9
2200,"FF409TR",0,0,70,4,"03/31/18 00:00:00",234.94,0,0,0,9
2206,"FM296PM",0,0,17,12,"12/31/17 00:00:00",56.64,0,0,0,9
2214,"FN098FK",0,0,41,4,"01/31/18 00:00:00",250.62,0,0,0,9
2215,"FN099FK",0,0,41,4,"01/31/18 00:00:00",247.47,0,0,0,9
2216,"FM341PS",0,0,47,12,"12/31/17 00:00:00",151.87,0,0,0,9
2224,"FG961WF",0,0,54,12,"09/30/18 00:00:00",30.98,0,0,0,9
2226,"FN207FK",0,0,14,4,"02/28/18 00:00:00",237.35,0,0,0,9
2227,"FN208FK",0,0,59,4,"02/28/18 00:00:00",239.07,0,0,0,9
2228,"EF528NC",0,0,73,12,"02/28/18 00:00:00",964.9400000000001,0,0,0,9
2230,"EF159NC",0,0,73,12,"04/30/18 00:00:00",701.08,0,0,0,9
2231,"EW641FK",0,0,73,12,"05/30/18 00:00:00",79.45,0,0,0,9
2232,"EW642FK",0,0,73,12,"05/30/18 00:00:00",79.45,0,0,0,9
2234,"EW411LD",0,0,73,12,"06/30/18 00:00:00",52.61,0,0,0,9
2238,"FL514PB",0,0,73,12,"08/20/18 00:00:00",298.57,0,0,0,9
2243,"EC879MD",0,0,73,12,"09/30/18 00:00:00",33.82,0,0,0,9
2249,"FK567YW",0,0,73,12,"08/30/18 00:00:00",141.19,0,0,0,9
2250,"FL195XY",0,0,73,12,"08/30/18 00:00:00",141.19,0,0,0,9
2252,"FA902LR",0,0,73,12,"11/30/18 00:00:00",131.94,0,0,0,9
2254,"FF171XL",0,0,73,12,"10/30/18 00:00:00",79.45,0,0,0,9
2255,"FF172XL",0,0,73,12,"10/30/18 00:00:00",79.45,0,0,0,9
2256,"FF173XL",0,0,73,12,"10/30/18 00:00:00",79.45,0,0,0,9
2257,"FF174XL",0,0,73,12,"10/30/18 00:00:00",79.45,0,0,0,9
2258,"FB140BP",0,0,73,12,"10/30/18 00:00:00",102.27,0,0,0,9
2259,"FB141BP",0,0,73,12,"10/30/18 00:00:00",102.27,0,0,0,9
2260,"FB142BP",0,0,73,12,"10/30/18 00:00:00",102.27,0,0,0,9
2261,"FN225FK",0,0,14,4,"02/28/18 00:00:00",247.45,0,0,0,9
2276,"FN122WD",0,0,4,4,"03/30/18 00:00:00",244.31,0,0,0,9
2277,"FN121WD",0,0,59,4,"03/30/18 00:00:00",244.31,0,0,0,9
2278,"FN154WD",0,0,73,12,"03/30/18 00:00:00",56.64,0,0,0,9
2281,"FN210WD",0,0,73,12,"03/31/18 00:00:00",56.64,0,0,0,9
2282,"FN211WD",0,0,73,12,"03/31/18 00:00:00",56.64,0,0,0,9
2283,"FN212WD",0,0,73,12,"03/31/18 00:00:00",56.64,0,0,0,9
2285,"FN100WD",0,0,14,4,"03/31/18 00:00:00",322.61,0,0,0,9
2305,"FA725LR",0,0,75,4,"05/18/18 00:00:00",127.61,0,0,0,9
2306,"FA726LR",0,0,75,4,"05/18/18 00:00:00",127.61,0,0,0,9
2307,"FA727LR",0,0,75,4,"05/18/18 00:00:00",127.61,0,0,0,9
2308,"FA728LR",0,0,75,4,"05/18/18 00:00:00",127.61,0,0,0,9
2309,"FB042BP",0,0,75,4,"05/18/18 00:00:00",315.63,0,0,0,9
2310,"FM178CR",0,0,75,4,"05/18/18 00:00:00",325.32,0,0,0,9
2373,"FN366WD",0,0,73,12,"04/30/18 00:00:00",24.69,0,0,0,9
2375,"FN401WD",0,0,2,4,"04/30/18 00:00:00",246.31,0,0,0,9
2376,"FN389WD",0,0,73,12,"04/30/18 00:00:00",56.64,0,0,0,9
2380,"FN472WD",0,0,73,12,"05/31/18 00:00:00",33.82,0,0,0,9
2381,"FN929WB",0,0,70,12,"04/30/19 00:00:00",33.82,0,0,0,9
2393,"FC364FW",0,0,77,4,"08/31/18 00:00:00",1,0,0,0,9
2394,"FC399FW",0,0,77,4,"05/31/18 00:00:00",1,0,0,0,9
2396,"FE615TJ",0,0,77,4,"07/31/18 00:00:00",1,0,0,0,9
2399,"FH959LD",0,0,77,4,"06/30/18 00:00:00",1,0,0,0,9
2400,"FJ127CF",0,0,77,4,"07/31/18 00:00:00",1,0,0,0,9
2402,"FK986NX",0,0,77,4,"05/31/18 00:00:00",1,0,0,0,9
2403,"FM202CR",0,0,77,4,"05/31/18 00:00:00",1,0,0,0,9
2405,"FN105FK",0,0,77,4,"05/31/18 00:00:00",1,0,0,0,9
2406,"FN267FK",0,0,77,4,"06/30/18 00:00:00",1,0,0,0,9
2407,"FN281WD",0,0,77,4,"08/31/18 00:00:00",1,0,0,0,9
2413,"FE743TJ",0,0,77,4,"08/31/18 00:00:00",1,0,0,0,9
2414,"FM072CR",0,0,77,4,"05/31/18 00:00:00",1,0,0,0,9
2415,"FN079FK",0,0,77,4,"05/31/18 00:00:00",1,0,0,0,9
2416,"FN109WD",0,0,77,4,"07/31/18 00:00:00",1,0,0,0,9
2417,"FE475TG",0,0,77,12,"06/30/18 00:00:00",1,0,0,0,9
2418,"FE476TG",0,0,77,12,"06/30/18 00:00:00",1,0,0,0,9
2419,"FF822ES",0,0,77,12,"08/31/18 00:00:00",1,0,0,0,9
2420,"DB473XG",0,0,77,12,"12/31/18 00:00:00",1,0,0,0,9
2422,"EB473PZ",0,0,77,12,"01/31/19 00:00:00",1,0,0,0,9
2424,"DK670AE",0,0,77,12,"07/31/18 00:00:00",1,0,0,0,9
2431,"CZ159PG",0,0,78,4,"09/30/18 00:00:00",241.15,0,0,0,9
861,"X0P39383",7,0,41,12,"12/31/11 00:00:00",211.87,0,0,0,9
2433,"GA240BK",0,0,78,4,"09/30/18 00:00:00",236.43,0,0,0,9
2443,"FJ137CF",0,0,78,4,"07/30/18 00:00:00",235.63,0,0,0,9
2444,"BG947PB",0,0,78,4,"09/30/18 00:00:00",235.06,0,0,0,9
2446,"FE158CB",0,0,59,12,"05/31/18 00:00:00",453.37,0,0,0,9
2449,"CS106CS",0,0,79,4,"03/30/18 00:00:00",235.48,0,0,0,9
2451,"CV147BG",0,0,79,4,"02/28/18 00:00:00",127.74,0,0,0,9
2452,"FA917AG",0,0,79,4,"02/28/18 00:00:00",235.48,0,0,0,9
2456,"CY919KM",0,0,79,4,"05/30/18 00:00:00",237.2,0,0,0,9
2462,"FP636RS",0,0,28,4,"06/30/18 00:00:00",1,0,0,0,9
2464,"BZ027WX",0,0,35,12,"03/30/19 00:00:00",147.91,0,0,0,9
2466,"FP680RS",0,0,2,4,"06/30/18 00:00:00",127.61,0,0,0,9
2468,"EJ602TR",0,0,80,12,"12/31/18 00:00:00",1,0,0,0,9
2469,"EJ527TR",0,0,80,12,"02/28/19 00:00:00",1,0,0,0,9
2470,"FF487XL",0,0,80,12,"11/30/18 00:00:00",1,0,0,0,9
2473,"FP842RS",0,0,30,4,"08/30/18 00:00:00",127.61,0,0,0,9
2476,"FP789RS",0,0,73,12,"07/31/18 00:00:00",24.69,0,0,0,9
2478,"FP791RS",0,0,73,12,"07/31/18 00:00:00",24.69,0,0,0,9
2484,"FJ815VR",0,0,82,4,"08/31/18 00:00:00",1,0,0,0,9
2486,"FF928TR",0,0,82,4,"09/30/18 00:00:00",1,0,0,0,9
2487,"FF927TR",0,0,82,4,"09/30/18 00:00:00",1,0,0,0,9
2455,"ET178HJ",0,0,79,4,"05/30/18 00:00:00",237.2,0,0,0,9
2491,"FL077BL",0,0,82,4,"09/30/18 00:00:00",1,0,0,0,9
2493,"CR801KA",0,0,82,4,"09/30/18 00:00:00",1,0,0,0,9
2494,"BR761ZT",0,0,82,4,"09/30/18 00:00:00",1,0,0,0,9
2496,"BH175WL",0,0,82,4,"09/30/18 00:00:00",1,0,0,0,9
2498,"DR860YZ",0,0,82,12,"11/30/18 00:00:00",1,0,0,0,9
2499,"FJ743CN",0,0,82,4,"11/30/18 00:00:00",1,0,0,0,9
2500,"FM063PM",0,0,82,4,"11/30/18 00:00:00",1,0,0,0,9
2501,"FM062PM",0,0,82,4,"11/30/18 00:00:00",1,0,0,0,9
2503,"CZ251DW",0,0,82,12,"11/30/18 00:00:00",1,0,0,0,9
2504,"FK787HH",0,0,82,12,"03/30/19 00:00:00",1,0,0,0,9
2518,"FK251EJ",0,0,83,4,"09/30/18 00:00:00",1,0,0,0,9
2543,"FF725EW",0,0,83,12,"08/30/18 00:00:00",1,0,0,0,9
2545,"FP944RS",0,0,82,4,"09/30/18 00:00:00",1,0,0,0,9
2546,"FM677PR",0,0,39,12,"12/31/18 00:00:00",33.82,0,0,0,9
2550,"EV655ZD",0,0,55,12,"04/30/18 00:00:00",25.58,0,0,0,9
2551,"FP976RS",0,0,78,4,"09/30/18 00:00:00",197.77,0,0,0,9
2552,"FP977RS",0,0,78,4,"09/30/18 00:00:00",197.77,0,0,0,9
2554,"FN727WD",0,0,78,4,"09/30/18 00:00:00",1,0,0,0,9
2555,"FR809YZ",0,0,39,12,"09/30/18 00:00:00",33.82,0,0,0,9
2567,"FT021GF",0,0,2,4,"09/30/18 00:00:00",1,0,0,0,9
2570,"P2TRA3",0,0,76,12,"12/31/18 00:00:00",211.87,0,0,0,9
2571,"P2TRA4",0,0,76,12,"12/31/18 00:00:00",211.87,0,0,0,9
2579,"EY037DD",0,0,84,12,"12/31/18 00:00:00",198.66,0,0,0,9
2581,"FM516PT",0,0,84,12,"12/31/18 00:00:00",726.27,0,0,0,9
2583,"CT936DW",0,0,84,12,"12/31/18 00:00:00",31.95,0,0,0,9
2584,"EH927ED",0,0,84,4,"12/31/18 00:00:00",179.73,0,0,0,9
2585,"FN383WD",0,0,84,4,"12/31/18 00:00:00",224.66,0,0,0,9
2586,"EW399BR",0,0,84,4,"12/31/18 00:00:00",110.45,0,0,0,9
2587,"EB313RG",0,0,84,12,"01/31/19 00:00:00",147.06,0,0,0,9
2590,"BN341RW",0,0,84,12,"01/31/19 00:00:00",41.07,0,0,0,9
2592,"CB577MM",0,0,84,12,"01/31/19 00:00:00",41.07,0,0,0,9
2593,"FC761FV",0,0,84,12,"01/31/19 00:00:00",31.95,0,0,0,9
2596,"FK835NX",0,0,84,4,"01/31/19 00:00:00",224.66,0,0,0,9
2599,"EH308ED",0,0,84,4,"01/31/19 00:00:00",224.66,0,0,0,9
2600,"EJ872TN",0,0,84,4,"01/31/19 00:00:00",224.66,0,0,0,9
2604,"CW395AM",0,0,84,4,"01/31/19 00:00:00",231.24,0,0,0,
2606,"EY446DF",0,0,84,4,"01/31/19 00:00:00",230.43,0,0,0,9
2609,"BF187NP",0,0,84,4,"01/31/19 00:00:00",110.45,0,0,0,9
2610,"DN541MR",0,0,84,12,"02/28/19 00:00:00",41.07,0,0,0,9
2611,"DN540MR",0,0,84,12,"02/28/19 00:00:00",41.07,0,0,0,9
2612,"EL403HM",0,0,84,12,"02/28/19 00:00:00",31.95,0,0,0,9
2613,"FN817VV",0,0,84,12,"02/28/19 00:00:00",41.07,0,0,0,9
2616,"HB344ML",0,0,84,4,"10/30/18 00:00:00",176.28,0,0,0,9
2617,"ER983WJ",0,0,84,4,"10/30/18 00:00:00",176.28,0,0,0,9
2618,"FF992TR",0,0,84,12,"02/28/19 00:00:00",88.58,0,0,0,9
2620,"DW433BS",0,0,84,12,"03/30/19 00:00:00",31.95,0,0,0,9
2621,"EV517SF",0,0,84,12,"03/30/19 00:00:00",31.95,0,0,0,9
2622,"FC075WG",0,0,84,12,"03/30/19 00:00:00",31.95,0,0,0,9
2623,"FJ228CC",0,0,84,12,"03/30/19 00:00:00",31.95,0,0,0,9
2624,"CP013CZ",0,0,84,12,"03/30/19 00:00:00",41.07,0,0,0,9
2625,"CP014CZ",0,0,84,12,"03/30/19 00:00:00",41.07,0,0,0,9
2626,"CP015CZ",0,0,84,12,"03/30/19 00:00:00",54.77,0,0,0,9
2627,"DH713GP",0,0,84,4,"11/30/18 00:00:00",224.66,0,0,0,9
2628,"FK836NX",0,0,84,4,"11/30/18 00:00:00",224.66,0,0,0,9
2630,"FM230PM",0,0,84,4,"11/30/18 00:00:00",176.28,0,0,0,9
2631,"FM231PM",0,0,84,4,"11/30/18 00:00:00",176.28,0,0,0,9
2632,"DN656MP",0,0,84,4,"11/30/18 00:00:00",224.66,0,0,0,9
2637,"AW300SX",0,0,84,12,"04/30/19 00:00:00",226.8,0,0,0,9
2639,"EB203ZR",0,0,84,12,"04/30/19 00:00:00",46.01,0,0,0,9
2640,"EG105VR",0,0,84,12,"04/30/19 00:00:00",31.95,0,0,0,9
2643,"CP742ZZ",0,0,84,12,"05/30/19 00:00:00",31.95,0,0,0,9
2644,"EW296CW",0,0,84,12,"05/30/19 00:00:00",31.95,0,0,0,9
2647,"EB706ZP",0,0,84,12,"05/30/19 00:00:00",31.95,0,0,0,9
2648,"DM760AY",0,0,84,12,"05/30/19 00:00:00",41.07,0,0,0,9
2649,"EZ992YK",0,0,84,12,"05/30/19 00:00:00",41.07,0,0,0,9
2650,"EZ993YK",0,0,84,12,"05/30/19 00:00:00",41.07,0,0,0,9
2651,"EW542RZ",0,0,84,12,"06/30/19 00:00:00",31.95,0,0,0,9
2652,"FA604LN",0,0,84,12,"06/30/19 00:00:00",31.95,0,0,0,9
2653,"FA605LN",0,0,84,12,"06/30/19 00:00:00",31.95,0,0,0,9
2654,"CW385VP",0,0,84,12,"06/30/19 00:00:00",41.07,0,0,0,9
2655,"EW428LD",0,0,84,12,"06/30/19 00:00:00",54.77,0,0,0,9
2656,"EW427LD",0,0,84,12,"06/30/19 00:00:00",54.77,0,0,0,9
2657,"EW389LD",0,0,84,12,"06/30/19 00:00:00",146.09,0,0,0,9
2658,"DL228SH",0,0,84,12,"08/30/19 00:00:00",31.95,0,0,0,9
2659,"DR889CX",0,0,84,12,"08/30/19 00:00:00",31.95,0,0,0,9
2660,"DR857CX",0,0,84,12,"08/30/19 00:00:00",31.95,0,0,0,9
2661,"DR855CX",0,0,84,12,"08/30/19 00:00:00",31.95,0,0,0,9
2662,"EC171WY",0,0,84,12,"08/30/19 00:00:00",31.95,0,0,0,9
2663,"ES809VK",0,0,84,12,"08/30/19 00:00:00",31.95,0,0,0,9
2664,"ES828VK",0,0,84,12,"08/30/19 00:00:00",31.95,0,0,0,9
2665,"ES831VK",0,0,84,12,"08/30/19 00:00:00",31.95,0,0,0,9
2666,"EC078ZB",0,0,84,12,"09/30/19 00:00:00",31.95,0,0,0,9
2667,"DR340ZB",0,0,84,12,"09/30/19 00:00:00",146.04,0,0,0,9
2668,"EK433KB",0,0,84,12,"10/31/18 00:00:00",31.95,0,0,0,9
2669,"ET193HM",0,0,84,12,"10/30/18 00:00:00",31.95,0,0,0,9
2670,"DM764AY",0,0,84,12,"10/30/18 00:00:00",41.07,0,0,0,9
2671,"EC928MD",0,0,84,12,"10/30/18 00:00:00",41.07,0,0,0,9
2672,"FB048TB",0,0,84,12,"10/30/18 00:00:00",41.07,0,0,0,9
2673,"FB188BP",0,0,84,12,"10/30/18 00:00:00",41.07,0,0,0,9
2674,"DE215XV",0,0,84,12,"11/30/18 00:00:00",31.95,0,0,0,9
2675,"DE918XV",0,0,84,12,"11/30/18 00:00:00",41.07,0,0,0,9
2676,"FB134TB",0,0,84,12,"11/30/18 00:00:00",41.07,0,0,0,9
2677,"FB135TB",0,0,84,12,"11/30/18 00:00:00",41.07,0,0,0,9
2678,"FB136TB",0,0,84,12,"11/30/18 00:00:00",41.07,0,0,0,9
2679,"CT418DN",0,0,84,12,"11/30/18 00:00:00",54.77,0,0,0,9
2681,"EL207HE",0,0,84,12,"11/30/18 00:00:00",951.6,0,0,0,9
2682,"EW350LD",0,0,84,12,"05/30/19 00:00:00",54.77,0,0,0,9
2683,"EW351LD",0,0,84,12,"05/30/19 00:00:00",54.77,0,0,0,9
2684,"GS632GJ",0,0,84,4,"10/30/18 00:00:00",224.66,0,0,0,9
2694,"CL044LV",0,0,85,12,"01/31/19 00:00:00",31.95,0,0,0,9
2698,"DH002MV",0,0,85,4,"11/30/18 00:00:00",237.2,0,0,0,9
2699,"EC506YZ",0,0,85,4,"01/31/19 00:00:00",242.24,0,0,0,9
2700,"EJ099TR",0,0,85,4,"12/31/18 00:00:00",233.99,0,0,0,9
2701,"EZ938FV",0,0,85,4,"01/31/19 00:00:00",237.2,0,0,0,9
2702,"FC855RS",0,0,85,4,"01/31/19 00:00:00",237.2,0,0,0,9
2703,"FC158WD",0,0,85,4,"01/31/19 00:00:00",125.74,0,0,0,9
2704,"FP663RS",0,0,85,4,"10/30/18 00:00:00",125.74,0,0,0,9
2705,"FT056GF",0,0,85,4,"09/30/18 00:00:00",244.3,0,0,0,9
2706,"FT057GF",0,0,85,4,"09/30/18 00:00:00",244.3,0,0,0,9
2708,"EB332RC",0,0,80,12,"02/28/19 00:00:00",1,0,0,0,9
2723,"FT110GF",0,0,35,12,,0,0,0,0,9
2728,"ft129gf",0,0,82,4,"10/31/18 00:00:00",241.59,0,0,0,9
2729,"FT079GF",0,0,84,4,"10/31/18 00:00:00",178.15,0,0,0,9
2749,"FT611GG",0,0,84,12,"10/31/18 00:00:00",33.82,0,0,0,9
2750,"FT612GG",0,0,84,12,"10/31/18 00:00:00",33.82,0,0,0,9
2753,"FN051WD",0,0,14,4,"10/30/18 00:00:00",247.45,0,0,0,9
2755,"FT193GF",0,0,47,4,"10/31/18 00:00:00",374.73,0,0,0,9
2758,"EL298HE",,0,87,4,"12/31/18 00:00:00",322.61,0,0,0,9
2761,"CM542PC",0,0,87,4,"02/28/19 00:00:00",322.61,0,0,0,9
2762,"GW918BG",0,0,87,12,"01/31/19 00:00:00",125.09,0,0,0,9
2766,"BR660ZI",0,0,87,12,"01/31/19 00:00:00",170.73,0,0,0,9
2774,"za399tg",0,0,55,12,"10/31/18 00:00:00",148.97,0,0,0,9
2777,"FT256GF",0,0,1,4,"11/30/18 00:00:00",234.71,0,0,0,9
2778,"FT255GF",0,0,1,4,"11/30/18 00:00:00",234.71,0,0,0,9
2779,"FT254GF",0,0,1,4,"11/30/18 00:00:00",234.71,0,0,0,9
2781,"EP533ZC",0,0,19,12,"01/31/19 00:00:00",58.1,0,0,0,9
2782,"EP046ZC",0,0,19,12,"11/30/19 00:00:00",58.95,0,0,0,9
2851,"FJ925VR",0,0,89,12,"12/31/18 00:00:00",700.39,0,0,0,9
2852,"FJ190CF",0,0,89,12,"12/31/18 00:00:00",379.09,0,0,0,9
2853,"FJ191CF",0,0,89,12,"12/31/18 00:00:00",379.09,0,0,0,9
2854,"FJ192CF",0,0,89,12,"12/31/18 00:00:00",379.09,0,0,0,9
2855,"FP781RS",0,0,89,12,"11/30/18 00:00:00",379.09,0,0,0,9
2856,"FT436GF",0,0,89,12,"12/31/18 00:00:00",700.39,0,0,0,9
2857,"FT437GF",0,0,89,12,"12/31/18 00:00:00",700.39,0,0,0,9
2858,"FT438GF",0,0,89,12,"12/31/18 00:00:00",700.39,0,0,0,9
2859,"FN714WD",0,0,89,12,"11/30/19 00:00:00",379.09,0,0,0,9
2862,"FE616TJ",0,0,89,12,"11/30/19 00:00:00",964.09,0,0,0,9
2863,"FT791GF",0,0,89,12,"11/30/19 00:00:00",379.09,0,0,0,9
2864,"FT793GF",0,0,89,12,"11/30/19 00:00:00",379.09,0,0,0,9
2867,"FN667WD",0,0,89,12,"01/31/19 00:00:00",379.09,0,0,0,9
2868,"FM183CR",0,0,89,12,"01/31/19 00:00:00",379.09,0,0,0,9
2869,"FM184CR",0,0,89,12,"01/31/19 00:00:00",379.09,0,0,0,9
2884,"FN189FK",0,0,89,12,"01/31/19 00:00:00",379.09,0,0,0,9
2885,"EW402SA",0,0,89,12,"07/31/19 00:00:00",33.82,0,0,0,9
2906,"EZ928RF",0,0,89,12,"09/30/19 00:00:00",700.39,0,0,0,9
2911,"FF170XL",0,0,89,12,"10/31/19 00:00:00",33.82,0,0,0,9
2915,"FC171WD",0,0,89,12,"10/31/19 00:00:00",379.09,0,0,0,9
2920,"FM280CR",0,0,89,12,"10/31/19 00:00:00",379.09,0,0,0,9
2921,"FL869BL",0,0,89,12,"10/31/19 00:00:00",379.09,0,0,0,9
2922,"FL870BL",0,0,89,12,"10/31/19 00:00:00",379.09,0,0,0,9
2923,"FM004PM",0,0,89,12,"10/31/19 00:00:00",379.09,0,0,0,9
2924,"FM005PM",0,0,89,12,"10/31/19 00:00:00",379.09,0,0,0,9
2925,"FM070PM",0,0,89,12,"11/30/19 00:00:00",379.39,0,0,0,9
2926,"FM071PM",0,0,89,12,"11/30/19 00:00:00",379.39,0,0,0,9
2927,"FP916RS",0,0,89,12,"09/30/19 00:00:00",379.39,0,0,0,9
2928,"FP917RS",0,0,89,12,"09/30/19 00:00:00",379.39,0,0,0,9
2929,"FM067PM",0,0,89,12,"11/30/19 00:00:00",700.39,0,0,0,9
2930,"FM068PM",0,0,89,12,"11/30/19 00:00:00",700.39,0,0,0,9
2931,"FM069PM",0,0,89,12,"11/30/19 00:00:00",700.39,0,0,0,9
2932,"FP965RS",0,0,89,12,"09/30/19 00:00:00",700.39,0,0,0,9
2933,"FP966RS",0,0,89,12,"09/30/19 00:00:00",700.39,0,0,0,9
2934,"FP967RS",0,0,89,12,"09/30/19 00:00:00",700.39,0,0,0,9
2935,"FT095GF",0,0,89,12,"10/30/19 00:00:00",700.39,0,0,0,9
2936,"FT096GF",0,0,89,12,"10/30/19 00:00:00",700.39,0,0,0,9
2939,"CL683SE",0,0,55,12,"03/31/19 00:00:00",33.82,0,0,0,9
2940,"DD611GX",0,0,55,12,"09/30/19 00:00:00",239.19,0,0,0,9
2941,"DK320HF",0,0,55,12,"01/31/19 00:00:00",33.82,0,0,0,9
2942,"DW407HM",0,0,55,12,"02/28/19 00:00:00",33.82,0,0,0,9
2949,"BE760NX",0,0,84,4,"04/30/19 00:00:00",1,0,0,0,9
2950,"FM055CR",0,0,87,4,"01/31/19 00:00:00",322.61,0,0,0,9
2953,"FE258CE",0,0,90,12,"05/31/19 00:00:00",1,0,0,0,9
2961,"FF975TR",0,0,90,12,"02/28/19 00:00:00",1,0,0,0,9
2962,"FE765TJ",0,0,90,12,"06/30/19 00:00:00",1,0,0,0,9
2965,"DY347NM",0,0,90,12,"10/30/19 00:00:00",1,0,0,0,9
2968,"DK119JW",0,0,90,12,"10/31/19 00:00:00",1,0,0,0,9
2970,"FJ319HT",0,0,90,12,"04/30/19 00:00:00",1,0,0,0,9
2973,"DK320LP",0,0,90,12,"09/30/19 00:00:00",1,0,0,0,9
2976,"CX684YW",0,0,90,12,"11/30/19 00:00:00",1,0,0,0,9
2978,"CZ686CL",0,0,26,12,"03/31/19 00:00:00",1,0,0,0,9
2984,"AE92685",0,0,46,12,"07/31/19 00:00:00",26.87,0,0,0,9
2986,"DE587TG",0,0,54,4,"04/30/19 00:00:00",322.61,0,0,0,9
2989,"EM077JJ",0,0,83,12,"01/31/19 00:00:00",30.63,0,0,0,9
2991,"EL224HK",0,0,84,12,"12/31/18 00:00:00",33.82,0,0,0,9
2998,"FM527CH",0,0,90,12,"09/30/19 00:00:00",1,0,0,0,9
2999,"EJ403TL",0,0,90,12,"04/30/19 00:00:00",1,0,0,0,9
3002,"CC010ER",0,0,79,4,"01/31/19 00:00:00",322.61,0,0,0,9
3004,"FT020GM",0,0,79,12,"11/30/18 00:00:00",616.22,0,0,0,9
3027,"BS464XB",0,0,16,4,"03/31/19 00:00:00",235.63,0,0,0,9
3029,"BX405BG",0,0,16,4,"03/31/19 00:00:00",127.61,0,0,0,9
3030,"CH368NZ",0,0,16,4,"02/28/19 00:00:00",235.63,0,0,0,9
3039,"FK864NX",0,0,92,4,"05/31/19 00:00:00",127.61,0,0,0,9
3041,"DH675MV",0,0,92,4,"04/30/19 00:00:00",127.61,0,0,0,9
3042,"DY157NZ",0,0,92,4,"02/28/19 00:00:00",112.32,0,0,0,9
3046,"EF107NC",0,0,92,4,"04/30/19 00:00:00",127.61,0,0,0,9
3048,"EJ301TR",0,0,92,4,"05/31/19 00:00:00",232.3,0,0,0,9
3049,"DR042ZB",0,0,92,4,"04/30/19 00:00:00",234.94,0,0,0,9
3050,"EC663ME",0,0,92,4,"02/28/19 00:00:00",233.56,0,0,0,9
3053,"EL313HE",0,0,92,4,"04/30/19 00:00:00",127.61,0,0,0,9
3054,"EW671FK",0,0,92,4,"05/31/19 00:00:00",234.94,0,0,0,9
3056,"EW434LD",0,0,92,4,"05/31/19 00:00:00",127.61,0,0,0,9
3057,"EX337BS",0,0,92,12,"10/31/19 00:00:00",33.82,0,0,0,9
3058,"EX911LF",0,0,92,4,"03/31/19 00:00:00",112.32,0,0,0,9
3059,"EY327DF",0,0,92,4,"05/31/19 00:00:00",234.94,0,0,0,9
3060,"DK187AS",0,0,92,4,"02/28/19 00:00:00",127.61,0,0,0,9
3061,"FA706LR",0,0,92,4,"04/30/19 00:00:00",234.94,0,0,0,9
3064,"FN057FK",0,0,92,4,"04/30/19 00:00:00",237.35,0,0,0,9
3065,"FN285FK",0,0,92,4,"02/28/19 00:00:00",127.61,0,0,0,9
3066,"FN292FK",0,0,92,4,"02/28/19 00:00:00",235.63,0,0,0,9
3067,"FV525DF",0,0,92,4,"03/31/19 00:00:00",112.32,0,0,0,9
3069,"FL681JA",0,0,92,4,"05/31/19 00:00:00",322.61,0,0,0,9
3070,"FP843RS",0,0,92,4,"04/30/19 00:00:00",127.61,0,0,0,9
3071,"FT228GF",0,0,92,4,"03/31/19 00:00:00",235.63,0,0,0,9
3072,"FF020XL",0,0,92,12,"09/30/19 00:00:00",42.94,0,0,0,9
3075,"FN251WD",0,0,92,4,"03/31/19 00:00:00",322.61,0,0,0,9
3077,"BF970NT",0,0,30,4,"02/28/19 00:00:00",238,0,0,0,9
3078,"FP488PN",0,0,35,12,"04/30/19 00:00:00",244.52,0,0,0,9
3113,"FT760GN",0,0,84,12,"02/28/19 00:00:00",81.42,0,0,0,9
3115,"FT781GN",0,0,89,12,"02/28/19 00:00:00",1,0,0,0,9
3116,"FT783GN",0,0,89,12,"02/28/19 00:00:00",1,0,0,0,9
3117,"FT782GN",0,0,89,12,"02/28/19 00:00:00",1,0,0,0,9
3122,"FC958RS",0,0,73,12,"01/31/20 00:00:00",56.61,0,0,0,9
3125,"FV376DG",0,0,92,4,"03/31/19 00:00:00",1,0,0,0,9
3136,"CV736WB",0,0,96,12,"03/31/19 00:00:00",31.95,0,0,0,9
3138,"DR074ZB",0,0,96,12,"08/31/19 00:00:00",100.4,0,0,0,9
3148,"FV419DG",0,0,77,4,"03/31/19 00:00:00",322.61,0,0,0,9
3149,"MI091809",0,0,41,12,"12/31/15 00:00:00",26.87,0,0,0,9
3150,"AD73592",0,0,41,12,"12/31/15 00:00:00",26.87,0,0,0,9
3151,"BG021413",0,0,41,12,"12/31/15 00:00:00",26.87,0,0,0,9
3153,"MI119122",0,0,41,12,"01/31/15 00:00:00",26.87,0,0,0,9
3155,"BP230ZA",0,0,41,12,"12/31/18 00:00:00",110,0,0,0,9
3156,"FV452DG",0,0,77,4,"03/31/19 00:00:00",232.84,0,0,0,9
3158,"FT462GF",0,0,97,12,"12/31/19 00:00:00",743.24,0,0,0,9
3166,"FV263DG",0,0,97,12,"02/28/20 00:00:00",715.87,0,0,0,9
3168,"FN213WD",0,0,97,12,"03/31/20 00:00:00",743.24,0,0,0,9
3172,"FK918NX",0,0,97,12,"05/31/19 00:00:00",714,0,0,0,9
3173,"FL721BL",0,0,97,12,"07/31/19 00:00:00",746.25,0,0,0,9
3181,"FV073DF",0,0,89,12,"03/31/19 00:00:00",1,0,0,0,9
3182,"FV074DF",0,0,89,12,"03/31/19 00:00:00",1,0,0,0,9
3189,"EH486ED",0,0,19,12,"05/31/17 00:00:00",1,0,0,0,9
3190,"EH317ED",0,0,19,12,"05/31/19 00:00:00",1,0,0,0,9
3191,"EH485ED",0,0,19,12,"05/31/17 00:00:00",1,0,0,0,9
3198,"FM087CR",0,0,14,4,"05/31/19 00:00:00",211.93,0,0,0,9
3204,"FV538DG",0,0,82,4,"04/30/19 00:00:00",1,0,0,0,9
3213,"EZ801BT",0,0,98,12,"11/30/19 00:00:00",695.08,0,0,0,9
3215,"FE971TJ",0,0,98,12,"06/30/19 00:00:00",701.96,0,0,0,9
3216,"FE972TJ",0,0,98,12,"06/30/19 00:00:00",701.96,0,0,0,9
3218,"FF776TR",0,0,98,12,"12/31/19 00:00:00",701.96,0,0,0,9
3219,"FF777TR",0,0,98,12,"12/31/19 00:00:00",701.96,0,0,0,9
3220,"FL921BL",0,0,98,12,"06/30/19 00:00:00",717.87,0,0,0,9
3222,"FM546PT",0,0,98,12,"12/31/19 00:00:00",219.3,0,0,0,9
3223,"EZ571KJ",0,0,98,12,"04/30/19 00:00:00",219.3,0,0,0,9
3224,"FE015CA",0,0,98,12,"04/30/19 00:00:00",31.95,0,0,0,9
3229,"DV525MJ",0,0,99,12,"01/31/20 00:00:00",1,0,0,0,9
3239,"FM088CR",0,0,14,4,"05/31/19 00:00:00",211.93,0,0,0,9
3240,"YA465AP",0,0,88,12,"03/31/19 00:00:00",21.87,0,0,0,9
3244,"EC333ME",0,0,100,4,"05/31/19 00:00:00",374.73,0,0,0,9
3246,"EP007BC",0,0,100,4,"05/31/19 00:00:00",374.73,0,0,0,9
3248,"FC007WD",0,0,100,4,"05/31/19 00:00:00",235.48,0,0,0,9
3249,"FM490CR",0,0,100,4,"06/30/19 00:00:00",235.48,0,0,0,9
3251,"ES731VN",0,0,100,12,"08/31/19 00:00:00",31.95,0,0,0,9
3256,"FW795JS",0,0,75,12,"03/31/19 00:00:00",426.28,0,0,0,9
3257,"FW796JS",0,0,75,12,"03/31/19 00:00:00",356.62,0,0,0,9
3258,"FW797JS",0,0,75,12,"03/31/19 00:00:00",426.28,0,0,0,9
3260,"FW431JV",0,0,84,12,"04/30/19 00:00:00",49.29,0,0,0,9
3261,"FV201DF",0,0,77,4,"04/30/19 00:00:00",1,0,0,0,9
3262,"FM089CR",0,0,14,4,"05/31/19 00:00:00",211.93,0,0,0,9
3266,"FV763DG",0,0,77,4,"05/31/19 00:00:00",288.67,0,0,0,9
4868,"CW804VG",0,0,86,12,"05/31/23 00:00:00",1,0,0,0,9
4869,"GP153CP",0,0,4,4,"05/31/23 00:00:00",1,0,0,0,9
3267,"FV271DF",0,0,91,4,"05/31/19 00:00:00",1,0,0,0,9
3268,"FV753DG",0,0,91,4,"05/31/19 00:00:00",1,0,0,0,9
3269,"FV754DG",0,0,91,4,"05/31/19 00:00:00",1,0,0,0,9
3273,"FV764DG",0,0,78,4,"05/31/19 00:00:00",1,0,0,0,9
3274,"FT463GF",0,0,59,4,"12/31/18 00:00:00",1,0,0,0,9
3275,"FV774DG",0,0,89,12,"05/31/19 00:00:00",1,0,0,0,9
3276,"FV280DF",0,0,89,12,"05/31/19 00:00:00",1,0,0,0,9
3279,"FV087DG",0,0,16,4,"05/31/19 00:00:00",1,0,0,0,9
3281,"FV088DG",0,0,17,4,"05/31/19 00:00:00",1,0,0,0,9
3284,"FV814DG",0,0,84,12,"05/31/19 00:00:00",36.96,0,0,0,9
3285,"FV815DG",0,0,84,12,"05/31/19 00:00:00",36.96,0,0,0,9
3286,"FV824DG",0,0,89,12,"05/31/19 00:00:00",1,0,0,0,9
3287,"FV822DG",0,0,89,12,"05/31/19 00:00:00",1,0,0,0,9
3288,"FV823DG",0,0,89,12,"05/31/19 00:00:00",1,0,0,0,9
3290,"FV847DG",0,0,97,12,"05/31/19 00:00:00",700,0,0,0,9
3296,"DB922GX",0,0,101,12,"06/30/19 00:00:00",1,0,0,0,9
3300,"EX309DW",0,0,101,12,"12/31/19 00:00:00",1,0,0,0,9
3301,"EP207BC",0,0,6,12,"09/30/19 00:00:00",54.77,0,0,0,9
3302,"EV719BN",0,0,6,12,"03/31/20 00:00:00",33.82,0,0,0,9
3303,"EN791SX",0,0,6,12,"12/31/19 00:00:00",33.82,0,0,0,9
3304,"EN793SX",0,0,6,12,"12/31/19 00:00:00",33.82,0,0,0,9
3305,"EB717NP",0,0,6,12,"06/30/19 00:00:00",33.82,0,0,0,9
3306,"BM326EY",0,0,87,12,"01/31/20 00:00:00",399,0,0,0,9
3310,"FW486JY",0,0,25,12,"06/30/20 00:00:00",195.37,0,0,0,9
3312,"FE026CE",0,0,92,4,"08/31/19 00:00:00",236.68,0,0,0,9
3314,"FV006KB",0,0,90,12,"06/30/19 00:00:00",56.67,0,0,0,9
3315,"FP591RS",0,0,84,4,"10/31/18 00:00:00",1,0,0,0,9
3316,"FW039DP",0,0,70,4,"04/30/19 00:00:00",1,0,0,0,9
3317,"FV433DG",0,0,97,12,"05/31/19 00:00:00",56.64,0,0,0,9
3322,"FM090CR",0,0,14,4,"05/31/19 00:00:00",200,0,0,0,9
3326,"FJ035CF",0,0,14,4,"06/30/19 00:00:00",200,0,0,0,9
3330,"FE621TJ",0,0,92,4,"07/31/19 00:00:00",1,0,0,0,9
3332,"FT737GF",0,0,82,4,"11/30/19 00:00:00",1,0,0,0,9
3333,"FJ029CF",0,0,14,4,"06/30/19 00:00:00",1,0,0,0,9
3334,"FP681RS",0,0,97,12,"06/30/19 00:00:00",734,0,0,0,9
3335,"FP682RS",0,0,97,12,"06/30/19 00:00:00",734,0,0,0,9
3337,"FV502DF",0,0,89,12,"07/31/19 00:00:00",1,0,0,0,9
3338,"FV503DF",0,0,89,12,"07/31/19 00:00:00",1,0,0,0,9
3343,"ZA515MP",0,0,92,4,"05/31/19 00:00:00",1,0,0,0,9
3345,"DG864MV",0,0,19,12,"03/31/20 00:00:00",964.08,0,0,0,9
3350,"FT212GF",0,0,75,12,"10/31/18 00:00:00",1,0,0,0,9
3351,"FN994WD",0,0,39,12,"10/31/18 00:00:00",1,0,0,0,9
3352,"DH541MV",0,0,19,12,"12/31/19 00:00:00",1,0,0,0,9
3353,"FF048VP",0,0,98,12,"09/30/19 00:00:00",1,0,0,0,9
3354,"FV730DG",0,0,100,4,"08/31/19 00:00:00",1,0,0,0,9
3358,"FV581DF",0,0,89,12,"08/31/19 00:00:00",339,0,0,0,9
3359,"ER966VY",0,0,100,4,"08/31/19 00:00:00",288,0,0,0,9
3361,"FN268WD",0,0,100,4,"08/31/19 00:00:00",337,0,0,0,9
3366,"FX215TM",0,0,79,12,"08/31/19 00:00:00",35,0,0,0,9
3369,"FM590PT",0,0,14,12,"12/31/19 00:00:00",42.94,0,0,0,9
3372,"DR217YY",0,0,70,12,"10/31/19 00:00:00",159.96,0,0,0,9
3373,"FF789TR",0,0,104,4,"12/31/19 00:00:00",237.2,0,0,0,9
3374,"FF788TR",0,0,104,4,"12/31/19 00:00:00",237.2,0,0,0,9
3375,"FL375BL",0,0,104,4,"12/31/19 00:00:00",248.75,0,0,0,9
3377,"EH025ED",0,0,104,4,"12/31/19 00:00:00",138.07,0,0,0,9
3379,"EH451ED",0,0,104,4,"09/30/19 00:00:00",238,0,0,0,9
3380,"FZ408MA",0,0,104,4,"09/30/19 00:00:00",237.2,0,0,0,9
3382,"GD774GK",0,0,104,4,"09/30/19 00:00:00",234.56,0,0,0,9
3383,"GD528GK",0,0,104,4,"09/30/19 00:00:00",233.76,0,0,0,9
3387,"GD756GK",0,0,104,4,"10/31/19 00:00:00",233.99,0,0,0,9
3388,"ET374HJ",0,0,104,4,"10/31/19 00:00:00",127.61,0,0,0,9
3390,"FP945RS",0,0,104,4,"09/30/19 00:00:00",200,0,0,0,9
3391,"EX903LF",0,0,104,12,"10/31/19 00:00:00",54.77,0,0,0,9
3392,"CE188SM",0,0,104,12,"10/30/19 00:00:00",264.7,0,0,0,9
3400,"FX246TM",0,0,82,4,"08/31/19 00:00:00",1,0,0,0,9
3402,"FT365GF",0,0,17,4,"11/30/18 00:00:00",1,0,0,0,9
3403,"FJ848VR",0,0,14,4,"08/31/19 00:00:00",211,0,0,0,9
3404,"FX285TM",0,0,90,12,"09/30/19 00:00:00",1,0,0,0,9
3409,"DT825YT",0,0,19,12,"01/31/20 00:00:00",1,0,0,0,9
3416,"FE006CE",0,0,82,4,"12/31/19 00:00:00",1,0,0,0,9
3419,"DM590BN",0,0,96,12,"09/30/19 00:00:00",31.95,0,0,0,9
3426,"FX247TM",0,0,82,4,"08/31/19 00:00:00",1,0,0,0,9
3428,"FX301TM",0,0,97,12,"09/30/19 00:00:00",1,0,0,0,9
3429,"BY811EF",0,0,68,4,"08/31/19 00:00:00",325,0,0,0,9
3430,"GX326AE",0,0,19,12,"01/31/20 00:00:00",1,0,0,0,9
3432,"DB373XJ",0,0,79,4,"11/30/19 00:00:00",1,0,0,0,9
3439,"FX358TM",0,0,104,4,"09/30/19 00:00:00",237,0,0,0,9
3440,"FX362TM",0,0,77,4,"09/30/19 00:00:00",200,0,0,0,9
3441,"FF010XL",0,0,107,12,"09/30/19 00:00:00",1,0,0,0,9
3442,"FF009XL",0,0,107,12,"09/30/20 00:00:00",1,0,0,0,9
3443,"FF008XL",0,0,107,12,"09/30/20 00:00:00",1,0,0,0,9
3444,"FC121FW",0,0,107,12,"11/30/19 00:00:00",1,0,0,0,9
3445,"FB148TB",0,0,107,12,"11/30/19 00:00:00",1,0,0,0,9
3446,"DR451YY",0,0,107,12,"10/31/19 00:00:00",1,0,0,0,9
3447,"FM020CM",0,0,107,12,"10/31/19 00:00:00",1,0,0,0,9
3448,"FN247WD",0,0,107,12,"03/31/20 00:00:00",1,0,0,0,9
3449,"FT251GF",0,0,107,12,"11/30/19 00:00:00",1,0,0,0,9
3450,"FE054CE",0,0,107,12,"05/31/20 00:00:00",1,0,0,0,9
3451,"DT890EC",0,0,107,12,"01/31/20 00:00:00",1,0,0,0,9
3452,"FV744DG",0,0,107,12,"05/31/20 00:00:00",1,0,0,0,9
3453,"FV743DG",0,0,107,12,"05/31/20 00:00:00",1,0,0,0,9
3454,"FV742DG",0,0,107,12,"05/31/20 00:00:00",1,0,0,0,9
3455,"FS008WS",0,0,17,12,"08/31/19 00:00:00",1,0,0,0,9
3457,"FC229YW",0,0,89,12,"02/28/20 00:00:00",1,0,0,0,9
3458,"EZ984SB",0,0,89,12,"09/30/19 00:00:00",1,0,0,0,9
3460,"EW340AV",,0,61,12,"05/31/19 00:00:00",300,0,0,0,9
3469,"FX408TM",0,0,75,12,"09/30/19 00:00:00",1,0,0,0,9
3473,"FX069TM",0,0,35,12,"10/31/19 00:00:00",1,0,0,0,9
3477,"FX490EY",0,0,92,4,"09/30/19 00:00:00",1,0,0,0,9
3478,"FX710FB",0,0,92,4,"08/31/19 00:00:00",1,0,0,0,9
3479,"FX890FB",0,0,92,4,"10/31/19 00:00:00",1,0,0,0,9
3480,"FG295NN",0,0,92,4,"12/31/19 00:00:00",1,0,0,0,9
3482,"FF091XL",0,0,41,4,"10/31/19 00:00:00",1,0,0,0,9
3483,"FJ030CF",0,0,41,4,"11/30/19 00:00:00",1,0,0,0,9
3484,"FF090XL",0,0,41,4,"10/31/19 00:00:00",1,0,0,0,9
3487,"FX120TM",0,0,73,12,"11/30/19 00:00:00",1,0,0,0,9
3488,"ER813VY",0,0,73,12,"03/31/20 00:00:00",1,0,0,0,9
3492,"FM583PN",0,0,59,12,"11/30/19 00:00:00",1,0,0,0,9
3494,"FX706TM",0,0,17,12,"11/30/19 00:00:00",1,0,0,0,9
3495,"FX705TM",0,0,17,12,"11/30/19 00:00:00",1,0,0,0,9
3496,"FX699TM",0,0,89,12,"11/30/19 00:00:00",1,0,0,0,9
3497,"FX698TM",0,0,89,12,"11/30/19 00:00:00",1,0,0,0,9
3498,"FX700TM",0,0,89,12,"11/30/19 00:00:00",1,0,0,0,9
3499,"FX701TM",0,0,89,12,"11/30/19 00:00:00",1,0,0,0,9
3500,"FX702TM",0,0,89,12,"11/30/19 00:00:00",1,0,0,0,9
3501,"FX693TM",0,0,16,4,"11/30/19 00:00:00",1,0,0,0,9
3502,"FX692TM",0,0,16,4,"11/30/19 00:00:00",1,0,0,0,9
3503,"FX694TM",0,0,16,4,"11/30/19 00:00:00",1,0,0,0,9
3504,"FX696TM",0,0,16,4,"11/30/19 00:00:00",1,0,0,0,9
3505,"FX695TM",0,0,16,4,"11/30/19 00:00:00",1,0,0,0,9
3509,"FX477TM",0,0,89,12,"10/31/19 00:00:00",1,0,0,0,9
3511,"FX760TM",0,0,17,4,"11/30/19 00:00:00",1,0,0,0,9
3512,"FX759TM",0,0,17,4,"11/30/19 00:00:00",1,0,0,0,9
3513,"FX758TM",0,0,17,4,"11/30/19 00:00:00",1,0,0,0,9
3514,"FX761TM",0,0,17,4,"11/30/19 00:00:00",1,0,0,0,9
3515,"GS548GJ",0,0,17,4,"11/30/19 00:00:00",1,0,0,0,9
3517,"FX793TM",0,0,17,4,"12/31/19 00:00:00",1,0,0,0,9
3519,"FF293XL",0,0,97,12,"10/31/19 00:00:00",1,0,0,0,9
3520,"FT322GJ",0,0,97,12,"10/31/19 00:00:00",1,0,0,0,9
3521,"FM242PM",0,0,97,12,"11/30/19 00:00:00",1,0,0,0,9
3523,"DN506MS",0,0,35,12,"02/29/20 00:00:00",1,0,0,0,9
3524,"GA102EW",0,0,17,12,"12/31/19 00:00:00",1,0,0,0,9
3526,"FZ259MD",0,0,92,4,"11/30/19 00:00:00",1,0,0,0,9
3528,"FX814TM",0,0,17,12,"12/31/19 00:00:00",1,0,0,0,9
3529,"FX815TM",0,0,17,12,"12/31/19 00:00:00",1,0,0,0,9
3531,"FX823TM",0,0,1,4,"12/31/19 00:00:00",1,0,0,0,9
3532,"FX822TM",0,0,1,4,"12/31/19 00:00:00",1,0,0,0,9
3535,"GX054AE",0,0,1,4,"12/31/19 00:00:00",1,0,0,0,9
3536,"HA883NM",0,0,1,4,"12/31/19 00:00:00",1,0,0,0,9
3537,"FY153VR",0,0,97,12,"12/31/19 00:00:00",1,0,0,0,9
3551,"GX428AE",0,0,14,4,"05/31/20 00:00:00",1,0,0,0,9
3553,"FX969TM",0,0,104,4,"01/31/20 00:00:00",1,0,0,0,9
3554,"GA743FK",0,0,78,12,"01/31/20 00:00:00",51.64,0,0,0,9
3555,"FV503HZ",0,0,84,12,"03/31/19 00:00:00",1,0,0,0,9
3559,"GA012BJ",0,0,75,12,"01/31/20 00:00:00",1,0,0,0,9
3561,"GA025BJ",0,0,70,4,"01/31/20 00:00:00",1,0,0,0,9
3562,"GA026BJ",0,0,70,4,"01/31/20 00:00:00",1,0,0,0,9
3563,"FL743BL",0,0,109,12,"08/31/19 00:00:00",1,0,0,0,9
3564,"FL374BL",0,0,109,12,"08/31/19 00:00:00",1,0,0,0,9
3566,"EG12853",0,0,109,12,"03/31/19 00:00:00",1,0,0,0,9
3567,"EF332NC",0,0,109,12,"01/31/19 00:00:00",1,0,0,0,9
3568,"DX566JR",0,0,109,12,"07/30/19 00:00:00",1,0,0,0,9
3571,"GA575LY",0,0,84,12,"02/28/20 00:00:00",1,0,0,0,9
3572,"EZ980FV",0,0,19,12,"04/30/15 00:00:00",1,0,0,0,9
3573,"FX038TM",0,0,17,4,"06/30/19 00:00:00",1,0,0,0,9
3577,"FP790RK",0,0,84,12,"04/30/20 00:00:00",1,0,0,0,9
3578,"GA256BK",0,0,70,4,"03/31/20 00:00:00",1,0,0,0,9
3579,"GA118BJ",0,0,54,4,"04/30/20 00:00:00",1,0,0,0,9
3581,"GA121BJ",0,0,82,4,"04/30/20 00:00:00",1,0,0,0,9
3587,"FZ503YC",0,0,89,12,"04/30/20 00:00:00",1,0,0,0,9
3588,"FZ504YC",0,0,89,12,"04/30/20 00:00:00",1,0,0,0,9
3589,"FZ505YC",0,0,89,12,"04/30/20 00:00:00",1,0,0,0,9
3591,"GA119BJ-",0,0,4,4,"04/30/20 00:00:00",1,0,0,0,9
3592,"GA120BJ",0,0,4,4,"04/30/20 00:00:00",1,0,0,0,9
3593,"GA219BJ",0,0,68,4,"05/31/20 00:00:00",1,0,0,0,9
3595,"GA224BJ",0,0,82,4,"05/31/20 00:00:00",1,0,0,0,9
3599,"GA262BJ",0,0,100,4,"05/31/20 00:00:00",1,0,0,0,9
3604,"FP672RS",0,0,68,4,"06/30/20 00:00:00",238,0,0,0,9
3605,"GA284BJ",0,0,97,12,"05/31/20 00:00:00",1,0,0,0,9
3606,"CM819PF",0,0,111,4,"02/28/19 00:00:00",1,0,0,0,9
3608,"DA266NZ",0,0,111,12,"01/31/21 00:00:00",1,0,0,0,9
3610,"FX926TM",0,0,4,4,"09/30/20 00:00:00",1,0,0,0,9
3611,"FM091CR",0,0,14,4,"09/30/20 00:00:00",1,0,0,0,9
3615,"FM765LG",0,0,35,12,"11/30/20 00:00:00",1,0,0,0,9
3619,"GA470BJ",0,0,77,4,"06/30/20 00:00:00",1,0,0,0,9
3620,"GB726PY",0,0,84,12,"06/30/20 00:00:00",1,0,0,0,9
3623,"FK940NX",0,0,113,4,"09/30/20 00:00:00",1,0,0,0,9
3631,"FV226CV",0,0,113,12,"01/31/21 00:00:00",1,0,0,0,9
4870,"FL729BL",0,0,129,4,"07/31/23 00:00:00",1,0,0,0,9
3632,"FV227CV",0,0,113,12,"01/31/21 00:00:00",1,0,0,0,9
3639,"FR672YW",0,0,113,12,"08/31/20 00:00:00",1,0,0,0,9
3671,"GA557BJ",0,0,16,4,"07/31/20 00:00:00",1,0,0,0,9
3672,"GB160RA",0,0,73,12,"06/30/20 00:00:00",1,0,0,0,9
3678,"GT996KG",4,0,115,12,"04/30/21 00:00:00",1,0,0,0,9
3680,"EL777HN",4,0,115,12,"02/28/21 00:00:00",1,0,0,0,9
3681,"ET448VZ",4,0,115,12,"12/31/20 00:00:00",1,0,0,0,9
3682,"ET449VZ",4,0,115,12,"12/31/20 00:00:00",1,0,0,0,9
3683,"EV886GS",4,0,115,12,"02/28/21 00:00:00",1,0,0,0,9
3685,"FF414ZD",4,0,115,12,"09/30/20 00:00:00",1,0,0,0,9
3686,"FG519NJ",4,0,115,12,"11/30/20 00:00:00",1,0,0,0,9
3687,"FK170YR",4,0,115,12,"07/31/20 00:00:00",1,0,0,0,9
3688,"FM525PR",4,0,115,12,"12/31/20 00:00:00",1,0,0,0,9
3689,"FP700RP",4,0,115,12,"06/30/20 00:00:00",1,0,0,0,9
3690,"FP743RG",4,0,115,12,"04/30/21 00:00:00",1,0,0,0,9
3691,"FR373ZS",4,0,115,12,"06/30/20 00:00:00",1,0,0,0,9
3692,"FR983ZZ",4,0,115,12,"08/31/20 00:00:00",1,0,0,0,9
3693,"FT573GN",4,0,115,12,"12/31/20 00:00:00",1,0,0,0,9
3694,"FV065HT",4,0,115,12,"01/31/21 00:00:00",1,0,0,0,9
3697,"FW451JX",4,0,115,12,"09/30/20 00:00:00",1,0,0,0,9
3702,"DA016PF",3,0,115,12,"01/31/21 00:00:00",1,0,0,0,9
3703,"DH147GP",3,0,115,12,"02/28/21 00:00:00",1,0,0,0,9
3704,"DH958EY",3,0,115,12,"02/28/21 00:00:00",1,0,0,0,9
3707,"DT026ED",3,0,115,12,"02/28/21 00:00:00",1,0,0,0,9
3708,"DT027ED",3,0,115,12,"02/28/21 00:00:00",1,0,0,0,9
3709,"FA163ZS",3,0,115,12,"09/30/20 00:00:00",1,0,0,0,9
3710,"FA164ZS",3,0,115,12,"09/30/20 00:00:00",1,0,0,0,9
3711,"FA165ZS",3,0,115,12,"09/30/20 00:00:00",1,0,0,0,9
3712,"FF494XL",3,0,115,12,"11/30/20 00:00:00",1,0,0,0,9
3713,"FF495XL",3,0,115,12,"11/30/20 00:00:00",1,0,0,0,9
3714,"FF496XL",3,0,115,12,"11/30/20 00:00:00",1,0,0,0,9
3715,"FF497XL",3,0,115,12,"11/30/20 00:00:00",1,0,0,0,9
3716,"FJ875CB",3,0,115,12,"02/28/21 00:00:00",1,0,0,0,9
3717,"FM261CR",3,0,115,12,"10/31/20 00:00:00",1,0,0,0,9
3718,"FN239WD",3,0,115,12,"03/31/21 00:00:00",1,0,0,0,9
3719,"FN240WD",3,0,115,12,"03/31/21 00:00:00",1,0,0,0,9
3721,"CX360WV",0,0,115,12,"01/31/21 00:00:00",1,0,0,0,9
3722,"CZ305EA",0,0,115,12,"11/30/20 00:00:00",1,0,0,0,9
3723,"DE408TG",0,0,115,12,"12/31/20 00:00:00",1,0,0,0,9
3724,"DP155KW",0,0,115,12,"12/31/20 00:00:00",1,0,0,0,9
3728,"EC034ME",0,0,115,12,"04/30/21 00:00:00",1,0,0,0,9
3730,"FC077FW",0,0,115,12,"11/30/20 00:00:00",1,0,0,0,9
3731,"FC078FW",0,0,115,12,"11/30/20 00:00:00",1,0,0,0,9
3732,"FC079FW",0,0,115,12,"11/30/20 00:00:00",1,0,0,0,9
3733,"FC080FW",0,0,115,12,"11/30/20 00:00:00",1,0,0,0,9
3735,"FF455XL",0,0,115,12,"11/30/20 00:00:00",1,0,0,0,9
3737,"FH967LD",0,0,115,12,"02/28/21 00:00:00",1,0,0,0,9
3739,"FM027PM",0,0,115,12,"10/31/20 00:00:00",1,0,0,0,9
3741,"FP734RS",0,0,115,12,"07/31/20 00:00:00",1,0,0,0,9
3742,"FP735RS",0,0,115,12,"07/31/20 00:00:00",1,0,0,0,9
3743,"FP768RS",0,0,115,12,"11/30/20 00:00:00",1,0,0,0,9
3744,"FV434DG",0,0,115,12,"07/31/20 00:00:00",1,0,0,0,9
3745,"GA241BK",0,0,115,12,"09/30/20 00:00:00",1,0,0,0,9
3747,"FC081FW",0,0,115,12,"03/31/21 00:00:00",1,0,0,0,9
3748,"FH968LD",0,0,115,12,"02/28/21 00:00:00",1,0,0,0,9
3750,"FW697JT",4,0,115,12,"03/31/21 00:00:00",1,0,0,0,9
3767,"FH899SP",0,0,41,4,"12/31/20 00:00:00",1,0,0,0,9
3768,"FG913XM",0,0,14,4,"12/31/20 00:00:00",1,0,0,0,9
3769,"FG917XM",0,0,14,4,"12/31/20 00:00:00",1,0,0,0,9
3771,"FJ958VR",0,0,92,4,"09/30/20 00:00:00",1,0,0,0,9
3772,"FM070CR",0,0,92,4,"09/30/20 00:00:00",1,0,0,0,9
3773,"FM101CR",0,0,92,4,"09/30/20 00:00:00",1,0,0,0,9
3774,"EX318BS",0,0,54,4,"09/30/20 00:00:00",1,0,0,0,9
3775,"GA853BJ",0,0,2,4,"09/30/20 00:00:00",1,0,0,0,9
3776,"GA852BJ",0,0,2,4,"09/30/20 00:00:00",1,0,0,0,9
3777,"GC432DA",0,0,96,12,"09/30/20 00:00:00",1,0,0,0,9
3778,"GC431DA",0,0,96,12,"09/30/20 00:00:00",1,0,0,0,9
3779,"FJ962BN",0,0,44,12,"04/30/21 00:00:00",1,0,0,0,9
3781,"GA826BJ",0,0,101,12,"09/30/20 00:00:00",1,0,0,0,9
3784,"EM511JL",0,0,79,4,"09/30/20 00:00:00",1,0,0,0,9
3785,"DV909LR",0,0,82,4,"12/31/20 00:00:00",1,0,0,0,9
3787,"GA873BJ",0,0,83,4,"09/30/20 00:00:00",1,0,0,0,9
3788,"GA874BJ",0,0,83,4,"09/30/20 00:00:00",1,0,0,0,9
3789,"GA965BJ",0,0,26,12,"10/31/20 00:00:00",1,0,0,0,9
3790,"GC538RK",0,0,84,12,"10/31/20 00:00:00",1,0,0,0,9
3792,"GA970BJ",0,0,73,12,"10/31/20 00:00:00",1,0,0,0,9
3793,"GA971BJ",0,0,73,12,"10/31/20 00:00:00",1,0,0,0,9
3794,"GA973BJ",0,0,87,12,"10/31/20 00:00:00",1,0,0,0,9
3797,"GC011RN",0,0,104,4,"10/31/20 00:00:00",1,0,0,0,9
3802,"GC028RN",0,0,97,12,"10/31/20 00:00:00",1,0,0,0,9
3803,"GC027RN",0,0,97,12,"10/31/20 00:00:00",1,0,0,0,9
3804,"GC026RN",0,0,97,12,"10/31/20 00:00:00",1,0,0,0,9
3809,"DT594ED",0,0,117,12,"09/30/21 00:00:00",1,0,0,0,9
3810,"EJ901WT",0,0,117,12,"06/30/20 00:00:00",1,0,0,0,9
3812,"A0P01DFW",0,0,117,12,"12/31/20 00:00:00",1,0,0,0,9
3813,"DH550GM",0,0,117,12,"02/28/21 00:00:00",1,0,0,0,9
3814,"FL225PL",0,0,117,12,"11/30/20 00:00:00",1,0,0,0,9
3816,"GC102RN",0,0,82,4,"11/30/20 00:00:00",1,0,0,0,9
3817,"FF555XL",0,0,41,4,"02/28/21 00:00:00",1,0,0,0,9
3819,"GC928RM",0,0,115,12,"11/30/20 00:00:00",1,0,0,0,9
3820,"GC929RM",0,0,115,12,"11/30/20 00:00:00",1,0,0,0,9
3821,"GC930RM",0,0,115,12,"11/30/20 00:00:00",1,0,0,0,9
3822,"GC931RM",0,0,115,12,"11/30/20 00:00:00",1,0,0,0,9
3823,"GC932RM",0,0,115,12,"11/30/20 00:00:00",1,0,0,0,9
3824,"GC400AE",0,0,83,12,"06/30/21 00:00:00",1,0,0,0,9
3827,"GC158RN",0,0,16,4,"11/30/20 00:00:00",1,0,0,0,9
3828,"GC159RN",0,0,16,4,"11/30/20 00:00:00",1,0,0,0,9
3829,"EZ990BT",0,0,54,4,"12/31/20 00:00:00",1,0,0,0,9
3831,"FG885AL",0,0,54,4,"01/31/21 00:00:00",1,0,0,0,9
3836,"GB960LG",0,0,118,12,"11/30/20 00:00:00",1,0,0,0,9
3837,"GC242RN",0,0,16,4,"12/31/20 00:00:00",1,0,0,0,9
3838,"GC243RN",0,0,16,4,"12/31/20 00:00:00",1,0,0,0,9
3839,"GC244RN",0,0,16,4,"12/31/20 00:00:00",1,0,0,0,9
3840,"GC253RN",0,0,73,12,"12/31/20 00:00:00",1,0,0,0,9
3841,"GC254RN",0,0,73,12,"12/31/20 00:00:00",1,0,0,0,9
3842,"FW191DP",0,0,70,4,"04/30/21 00:00:00",1,0,0,0,9
3844,"FH826JK",0,0,14,12,"01/31/21 00:00:00",1,0,0,0,9
3846,"MAPN0011",0,0,117,12,"12/31/20 00:00:00",1,0,0,0,9
3848,"GC307RN",0,0,73,12,"12/31/20 00:00:00",1,0,0,0,9
3849,"GA924BK",0,0,19,12,"11/30/20 00:00:00",1,0,0,0,9
3850,"GA920BK",0,0,19,12,"11/30/20 00:00:00",1,0,0,0,9
3851,"GA921BK",0,0,19,12,"11/30/20 00:00:00",1,0,0,0,9
3852,"GA922BK",0,0,19,12,"11/30/20 00:00:00",1,0,0,0,9
3853,"GA923BK",0,0,19,12,"11/30/20 00:00:00",1,0,0,0,9
3858,"GC343RN",0,0,97,12,"12/31/20 00:00:00",1,0,0,0,9
3863,"BG021644",0,0,41,12,"12/31/20 00:00:00",1,0,0,0,9
3864,"FY893VR",0,0,14,12,"01/31/21 00:00:00",1,0,0,0,9
3869,"GC424RN",0,0,1,4,"05/31/25 00:00:00",1,0,0,0,9
3870,"GC423RN",0,0,1,4,"05/31/25 00:00:00",1,0,0,0,9
3871,"GC422RN",0,0,1,4,"05/31/25 00:00:00",1,0,0,0,9
3872,"FV569LP",0,0,101,12,"12/31/20 00:00:00",1,0,0,0,9
3875,"X0P84747",0,0,14,12,"12/31/21 00:00:00",1,0,0,0,9
3876,"GD942GD",0,0,84,12,"01/31/21 00:00:00",1,0,0,0,9
3877,"GD943GD",0,0,84,12,"01/31/21 00:00:00",1,0,0,0,9
3879,"GC452RN",0,0,44,12,"01/31/21 00:00:00",1,0,0,0,9
3880,"GC476RN",0,0,85,4,"01/31/21 00:00:00",1,0,0,0,9
3881,"GD941GD",0,0,84,12,"01/31/21 00:00:00",1,0,0,0,9
3882,"FW291ST",0,0,83,12,"06/30/21 00:00:00",1,0,0,0,9
3887,"EY298XW",0,0,119,4,"02/28/21 00:00:00",1,0,0,0,9
3889,"FP765ZH",0,0,119,4,"12/31/20 00:00:00",1,0,0,0,9
3891,"GC545RN",0,0,77,4,"01/31/21 00:00:00",1,0,0,0,9
3892,"GD027GK",0,0,87,4,"01/31/21 00:00:00",1,0,0,0,9
3894,"GC517RN",0,0,4,4,"01/31/21 00:00:00",1,0,0,0,9
3898,"GE994HH",0,0,83,12,"01/31/21 00:00:00",1,0,0,0,9
3900,"DH195CS",0,0,82,4,"03/31/21 00:00:00",1,0,0,0,9
3901,"GD043GK",0,0,75,4,"01/31/21 00:00:00",1,0,0,0,9
3903,"GC573RN",0,0,97,12,"01/31/21 00:00:00",1,0,0,0,9
3905,"GC557RN",0,0,104,4,"01/31/21 00:00:00",1,0,0,0,9
3906,"GC598RN",0,0,89,12,"02/28/21 00:00:00",1,0,0,0,9
3907,"GC597RN",0,0,89,12,"02/28/21 00:00:00",1,0,0,0,9
3908,"GC596RN",0,0,89,12,"02/28/21 00:00:00",1,0,0,0,9
3909,"GC595RN",0,0,89,12,"02/28/21 00:00:00",1,0,0,0,9
3910,"GC593RN",0,0,89,12,"02/28/21 00:00:00",1,0,0,0,9
3911,"GC592RN",0,0,89,12,"02/28/21 00:00:00",1,0,0,0,9
3914,"GA062BJ",0,0,14,4,"02/28/21 00:00:00",1,0,0,0,9
3915,"GC628RN",0,0,83,4,"02/28/21 00:00:00",1,0,0,0,9
3916,"GC627RN",0,0,83,4,"02/28/21 00:00:00",1,0,0,0,9
3918,"GC455RN",0,0,75,4,"01/31/21 00:00:00",1,0,0,0,9
3919,"GC456RN",0,0,75,4,"01/31/21 00:00:00",1,0,0,0,9
3921,"GC458RN",0,0,75,4,"01/31/21 00:00:00",1,0,0,0,9
3924,"GC461RN",0,0,75,4,"01/31/21 00:00:00",1,0,0,0,9
3925,"GC462RN",0,0,75,4,"01/31/21 00:00:00",1,0,0,0,9
3930,"GC625RN",0,0,79,4,"02/28/21 00:00:00",1,0,0,0,9
3931,"GD910GH",0,0,33,12,"02/28/21 00:00:00",1,0,0,0,9
3932,"GC658RN",0,0,109,12,"02/28/21 00:00:00",1,0,0,0,9
3933,"FP642RS",0,0,85,4,"06/30/21 00:00:00",1,0,0,0,9
3936,"GC707RN",0,0,92,4,"02/28/21 00:00:00",1,0,0,0,9
3937,"GC687RN",0,0,113,4,"02/28/21 00:00:00",1,0,0,0,9
3943,"EX193NJ",0,0,120,4,"02/28/21 00:00:00",1,0,0,0,9
3944,"FM160PM",0,0,120,4,"03/31/20 00:00:00",1,0,0,0,9
3946,"GC718RN",0,0,59,4,"02/28/21 00:00:00",1,0,0,0,9
3947,"GC716RN",0,0,59,4,"02/28/21 00:00:00",1,0,0,0,9
3948,"GD182GK",0,0,115,12,"02/28/21 00:00:00",1,0,0,0,9
3949,"GC746RN",0,0,115,12,"02/28/21 00:00:00",1,0,0,0,9
3950,"GC745RN",0,0,115,12,"02/28/21 00:00:00",1,0,0,0,9
3951,"GC744RN",0,0,115,12,"02/28/21 00:00:00",1,0,0,0,9
3953,"GC750RN",0,0,97,12,"02/28/21 00:00:00",1,0,0,0,9
3955,"GD857HK",0,0,19,12,"12/31/20 00:00:00",1,0,0,0,9
3956,"GD858HK",0,0,19,12,"12/31/20 00:00:00",1,0,0,0,9
3957,"GD859HK",0,0,19,12,"12/31/20 00:00:00",1,0,0,0,9
3958,"GD860HK",0,0,19,12,"12/31/20 00:00:00",1,0,0,0,9
3963,"FR330ZZ",0,0,115,12,"08/31/21 00:00:00",1,0,0,0,9
3964,"FX229TM",0,0,115,12,"08/31/21 00:00:00",1,0,0,0,9
3965,"GC802RN",0,0,115,12,"03/31/21 00:00:00",1,0,0,0,9
3966,"GE739LG",0,0,96,12,"03/31/21 00:00:00",1,0,0,0,9
3967,"GE721LC",0,0,96,12,"03/31/21 00:00:00",1,0,0,0,9
3968,"GD070GK",0,0,96,12,"12/31/21 00:00:00",1,0,0,0,9
3972,"GC823RN",0,0,115,12,"03/31/21 00:00:00",1,0,0,0,9
3973,"GC837RN",0,0,92,4,"03/31/21 00:00:00",1,0,0,0,9
3975,"GD856HK",0,0,19,12,"12/31/20 00:00:00",1,0,0,0,9
3976,"GC860RN",0,0,59,4,"03/31/21 00:00:00",1,0,0,0,9
3978,"GC869RN",0,0,1,4,"03/31/21 00:00:00",1,0,0,0,9
3979,"ER711RW",0,0,119,12,"03/31/21 00:00:00",1,0,0,0,9
3981,"GE072EY",0,0,119,4,"03/31/21 00:00:00",1,0,0,0,9
3982,"GD330GK",0,0,16,4,"04/30/21 00:00:00",1,0,0,0,9
3983,"GC933RN",0,0,84,12,"04/30/22 00:00:00",1,0,0,0,9
3984,"GC934RN",0,0,84,12,"04/30/22 00:00:00",1,0,0,0,9
3985,"GC930RN",0,0,84,12,"04/30/22 00:00:00",1,0,0,0,9
3986,"GC931RN",0,0,84,12,"04/30/22 00:00:00",1,0,0,0,9
3987,"GC932RN",0,0,84,12,"04/30/22 00:00:00",1,0,0,0,9
3989,"CL572PF",0,0,14,4,"07/31/21 00:00:00",1,0,0,0,9
3991,"GC962RN",0,0,83,4,"04/30/21 00:00:00",1,0,0,0,9
3992,"GC963RN",0,0,83,4,"04/30/21 00:00:00",1,0,0,0,9
3997,"GF033JK",0,0,77,4,"05/31/21 00:00:00",1,0,0,0,9
3998,"DT042VE",0,0,84,4,"06/30/21 00:00:00",1,0,0,0,9
3999,"GC850RN",,0,121,4,"07/31/21 00:00:00",1,0,0,0,9
4000,"GC786RN",0,0,121,4,"07/31/21 00:00:00",1,0,0,0,9
4001,"GC787RN",0,0,121,4,"07/31/21 00:00:00",1,0,0,0,9
4002,"GC788RN",0,0,121,4,"07/31/21 00:00:00",1,0,0,0,9
4003,"GC986RN",0,0,73,12,"04/30/21 00:00:00",1,0,0,0,9
4005,"GE007ET",0,0,84,12,"03/31/22 00:00:00",1,0,0,0,9
4007,"GF071JK",0,0,90,12,"05/31/21 00:00:00",1,0,0,0,9
4010,"GD226GX",0,0,35,12,"12/31/21 00:00:00",1,0,0,0,9
4012,"GF062JK",0,0,97,12,"05/31/21 00:00:00",1,0,0,0,9
4013,"EW88150",6,0,75,12,"05/31/21 00:00:00",1,0,0,0,9
4014,"GC588RN",0,0,77,4,"05/31/21 00:00:00",1,0,0,0,9
4015,"GF110JK",0,0,14,4,"05/31/21 00:00:00",1,0,0,0,9
4021,"GF128JK",0,0,70,4,"05/31/21 00:00:00",1,0,0,0,9
4023,"GC851RK",0,0,84,12,"02/28/22 00:00:00",1,0,0,0,9
4024,"GF158JK",0,0,115,12,"05/31/21 00:00:00",1,0,0,0,9
4025,"GF149JK",0,0,79,4,"05/31/21 00:00:00",1,0,0,0,9
4026,"GF160JK",0,0,89,12,"05/31/21 00:00:00",1,0,0,0,9
4027,"GF161JK",0,0,89,12,"05/31/21 00:00:00",1,0,0,0,9
4028,"FV984DG",0,0,19,12,"06/30/21 00:00:00",1,0,0,0,9
4031,"CN887CC",0,0,19,12,"07/31/21 00:00:00",1,0,0,0,9
4032,"DD293PA",0,0,19,12,"12/31/21 00:00:00",1,0,0,0,9
4034,"GF107JK",0,0,92,4,"05/31/21 00:00:00",1,0,0,0,9
4035,"GF200JK",0,0,14,4,"06/30/21 00:00:00",1,0,0,0,9
4036,"GF199JK",0,0,54,4,"06/30/21 00:00:00",1,0,0,0,9
4041,"GF222JK",0,0,14,4,"06/30/21 00:00:00",1,0,0,0,9
4042,"GF221JK",0,0,35,12,"06/30/21 00:00:00",1,0,0,0,9
4043,"FP560RS",0,0,115,12,"06/30/21 00:00:00",1,0,0,0,9
4044,"FP559RS",0,0,115,12,"06/30/21 00:00:00",1,0,0,0,9
4045,"GF234JK",0,0,92,4,"06/30/21 00:00:00",1,0,0,0,9
4047,"EX42646",0,0,75,12,"06/30/21 00:00:00",1,0,0,0,9
4048,"XA800HG",0,0,84,12,"12/31/21 00:00:00",1,0,0,0,9
4049,"GF289JK",0,0,70,4,"06/30/21 00:00:00",1,0,0,0,9
4053,"GE394GD",0,0,87,12,"03/31/22 00:00:00",1,0,0,0,9
4054,"GF321JK",0,0,16,4,"06/30/21 00:00:00",1,0,0,0,9
4055,"GF322JK",0,0,16,4,"06/30/21 00:00:00",1,0,0,0,9
4019,"GE004GF",0,0,84,12,"05/31/21 00:00:00",1,0,0,0,9
4059,"GF352JK",0,0,89,12,"07/31/21 00:00:00",1,0,0,0,9
4065,"AS57007",0,0,33,12,"01/31/22 00:00:00",1,0,0,0,9
4067,"HA861NM",0,0,19,12,"01/31/22 00:00:00",1,0,0,0,9
4068,"BG713LJ",0,0,19,12,"12/31/21 00:00:00",1,0,0,0,9
4069,"FY151TT",0,0,19,12,"01/31/22 00:00:00",1,0,0,0,9
4070,"FW061BK",0,0,101,12,"02/28/22 00:00:00",1,0,0,0,9
4073,"GE258GL",0,0,21,12,"07/31/21 00:00:00",1,0,0,0,9
4074,"GF802JC",0,0,84,12,"08/31/21 00:00:00",1,0,0,0,9
4078,"GF460JE",0,0,97,12,"09/30/21 00:00:00",1,0,0,0,9
4079,"GA163BJ",0,0,73,12,"04/30/21 00:00:00",1,0,0,0,9
4086,"GF504JK",0,0,92,4,"08/30/21 00:00:00",1,0,0,0,9
4087,"GF515JK",0,0,41,4,"08/31/21 00:00:00",1,0,0,0,9
4088,"GF516JK",0,0,41,4,"08/31/21 00:00:00",1,0,0,0,9
4090,"GF523JK",0,0,2,4,"08/31/21 00:00:00",1,0,0,0,9
4092,"GF544JK",0,0,89,12,"09/30/21 00:00:00",1,0,0,0,9
4093,"GF554JK",0,0,78,4,"09/21/31 00:00:00",1,0,0,0,9
4098,"GF213JK",0,0,113,4,"06/30/21 00:00:00",1,0,0,0,9
4099,"GF584JK",0,0,97,12,"09/30/21 00:00:00",1,0,0,0,9
4100,"GX293AE",0,0,17,4,"09/30/21 00:00:00",1,0,0,0,9
4101,"GF583JK",0,0,17,4,"09/30/21 00:00:00",1,0,0,0,9
4102,"FL885BJ",0,0,75,12,"08/31/21 00:00:00",1,0,0,0,9
4103,"FL886BJ",0,0,75,12,"08/31/21 00:00:00",1,0,0,0,9
4104,"FL887BJ",0,0,75,12,"08/31/21 00:00:00",1,0,0,0,9
4105,"FL883BJ",0,0,75,12,"08/31/21 00:00:00",1,0,0,0,9
4106,"FL882BJ",0,0,75,12,"08/31/21 00:00:00",1,0,0,0,9
4107,"FL884BJ",0,0,75,12,"08/31/21 00:00:00",1,0,0,0,9
4108,"GD912GK",0,0,19,12,"09/30/21 00:00:00",1,0,0,0,9
4109,"GD913GK",0,0,19,12,"09/30/21 00:00:00",1,0,0,0,9
4110,"GD914GK",0,0,19,12,"09/30/21 00:00:00",1,0,0,0,9
4111,"GF606JK",0,0,41,4,"09/30/21 00:00:00",1,0,0,0,9
4114,"FF069XL",0,0,54,4,"05/31/22 00:00:00",1,0,0,0,9
4115,"GF623JK",0,0,113,4,"09/30/21 00:00:00",1,0,0,0,9
4118,"GF657JK",0,0,89,12,"10/31/21 00:00:00",1,0,0,0,9
4121,"ES975PY",0,0,121,4,"10/31/21 00:00:00",1,0,0,0,9
4127,"GF568XA",0,0,92,4,"10/31/21 00:00:00",1,0,0,0,9
4130,"GF729JK",0,0,70,4,"10/30/21 00:00:00",1,0,0,0,9
4131,"GF693JK",0,0,92,4,"10/30/21 00:00:00",1,0,0,0,9
4132,"GF773JK",0,0,84,4,"10/30/21 00:00:00",1,0,0,0,9
4133,"FC949JA",0,0,92,4,"01/31/22 00:00:00",1,0,0,0,9
4134,"GF809JK",0,0,41,4,"11/30/21 00:00:00",1,0,0,0,9
4136,"GH167MB",0,0,19,12,"11/30/21 00:00:00",1,0,0,0,9
4137,"GH168MB",0,0,19,12,"11/30/21 00:00:00",1,0,0,0,9
4138,"GH169MB",0,0,19,12,"11/30/21 00:00:00",1,0,0,0,9
4139,"GH170MB",0,0,19,12,"11/30/21 00:00:00",1,0,0,0,9
4140,"GH171MB",0,0,19,12,"11/30/21 00:00:00",1,0,0,0,9
4141,"GF867JK",0,0,19,12,"11/30/21 00:00:00",1,0,0,0,9
4142,"GF868JK",0,0,19,12,"11/30/21 00:00:00",1,0,0,0,9
4147,"GF881JK-",0,0,84,4,"11/30/21 00:00:00",1,0,0,0,9
4149,"GF879JK-",0,0,84,4,"11/30/21 00:00:00",1,0,0,0,9
4150,"GF880JK-",0,0,84,4,"11/30/21 00:00:00",1,0,0,0,9
4151,"GF917JK",0,0,82,4,"11/30/21 00:00:00",1,0,0,0,9
4152,"GF916JK",0,0,92,4,"11/30/21 00:00:00",1,0,0,0,9
4153,"CS773CS",0,0,78,4,"01/31/22 00:00:00",1,0,0,0,9
4154,"EH172BD",0,0,79,12,"01/31/22 00:00:00",1,0,0,0,9
4155,"BK238LE",0,0,79,4,"01/31/22 00:00:00",1,0,0,0,9
4156,"DT730VE",0,0,79,12,"04/30/22 00:00:00",1,0,0,0,9
4157,"GF934JK",0,0,78,4,"12/31/21 00:00:00",1,0,0,0,9
4158,"GF933JK",0,0,78,4,"12/31/21 00:00:00",1,0,0,0,9
4160,"GF928JK",0,0,83,4,"12/31/21 00:00:00",1,0,0,0,9
4161,"GC367RN",0,0,83,4,"12/31/21 00:00:00",1,0,0,0,9
4162,"GC368RN",0,0,83,4,"12/31/21 00:00:00",1,0,0,0,9
4164,"GF757JK",0,0,98,12,"10/30/21 00:00:00",1,0,0,0,9
4165,"GF469JE",0,0,97,12,"12/31/21 00:00:00",1,0,0,0,9
4166,"GF942JK",0,0,2,4,"12/31/21 00:00:00",1,0,0,0,9
4169,"GF948JK",0,0,14,4,"12/31/21 00:00:00",1,0,0,0,9
4170,"GF949JK",0,0,19,12,"12/31/21 00:00:00",1,0,0,0,9
4171,"GF943JK",0,0,17,4,"12/31/21 00:00:00",1,0,0,0,9
4172,"GF944JK",0,0,17,4,"12/31/24 00:00:00",1,0,0,0,9
4173,"GF945JK",0,0,17,4,"12/31/24 00:00:00",1,0,0,0,9
4174,"GF963JK",0,0,59,4,"12/31/21 00:00:00",1,0,0,0,9
4175,"GF964JK",0,0,59,4,"12/31/21 00:00:00",1,0,0,0,9
4176,"GF965JK",0,0,59,4,"12/31/21 00:00:00",1,0,0,0,9
4183,"GJ008BR",0,0,14,4,"12/31/21 00:00:00",1,0,0,0,9
4184,"gf658jk",0,0,89,12,"10/31/21 00:00:00",1,0,0,0,9
4189,"GJ024BR",0,0,83,4,"12/31/21 00:00:00",1,0,0,0,9
4190,"GJ023BR",0,0,83,4,"12/31/21 00:00:00",1,0,0,0,9
4191,"GJ022BR",0,0,83,4,"12/31/21 00:00:00",1,0,0,0,9
4193,"GJ034BR",0,0,73,12,"01/31/22 00:00:00",1,0,0,0,9
4195,"GJ035BR",0,0,89,12,"01/31/22 00:00:00",1,0,0,0,9
4196,"GJ036BR",0,0,89,12,"01/31/22 00:00:00",1,0,0,0,9
4198,"GJ042BR",0,0,1,4,"01/31/22 00:00:00",1,0,0,0,9
4200,"GJ048BR",0,0,79,4,"01/31/22 00:00:00",1,0,0,0,9
4201,"GJ050BR",0,0,85,4,"01/31/22 00:00:00",1,0,0,0,9
4202,"FV083DG",0,0,90,12,"01/31/22 00:00:00",1,0,0,0,9
4203,"EG201FX",0,0,96,12,"03/31/22 00:00:00",1,0,0,0,9
4205,"GF038JK",0,0,100,12,"05/31/22 00:00:00",1,0,0,0,9
4207,"EX318LX",0,0,121,4,"04/30/22 00:00:00",1,0,0,0,9
4208,"GJ061BR",0,0,83,4,"01/31/22 00:00:00",1,0,0,0,9
4210,"GJ055BR",0,0,1,4,"01/31/22 00:00:00",1,0,0,0,9
4211,"GJ056BR",0,0,1,4,"01/31/22 00:00:00",1,0,0,0,9
4212,"GJ057BR",0,0,1,4,"01/31/22 00:00:00",1,0,0,0,9
4214,"GJ073BR",0,0,14,4,"01/31/22 00:00:00",1,0,0,0,9
4215,"UD011295",0,0,41,12,"12/31/22 00:00:00",1,0,0,0,9
4216,"GF282JK",0,0,1,4,"06/30/21 00:00:00",1,0,0,0,9
4217,"GJ037BR",0,0,77,4,"01/31/22 00:00:00",1,0,0,0,9
4218,"GJ093BR",0,0,17,4,"01/31/22 00:00:00",1,0,0,0,9
4219,"GJ094BR",0,0,17,4,"01/31/22 00:00:00",1,0,0,0,9
4220,"FV846DF",0,0,78,4,"05/31/22 00:00:00",1,0,0,0,9
4222,"GJ115BR",0,0,68,4,"01/31/22 00:00:00",1,0,0,0,9
4224,"GJ120BR",0,0,77,4,"01/31/22 00:00:00",1,0,0,0,9
4225,"GJ124BR",0,0,121,4,"01/31/22 00:00:00",1,0,0,0,9
4228,"GG056SB",0,0,88,12,"01/31/22 00:00:00",31.11,0,0,0,9
4229,"GJ083BR",0,0,104,4,"01/31/22 00:00:00",1,0,0,0,9
4230,"GJ125BR",0,0,14,4,"01/31/22 00:00:00",1,0,0,0,9
4231,"GJ148BR",0,0,16,4,"01/31/22 00:00:00",1,0,0,0,9
4232,"GJ149BR",0,0,16,4,"01/31/22 00:00:00",1,0,0,0,9
4233,"GJ150BR",0,0,16,4,"01/31/22 00:00:00",1,0,0,0,9
4234,"GJ151BR",0,0,16,4,"01/31/22 00:00:00",1,0,0,0,9
4235,"GJ152BR",0,0,16,4,"01/31/22 00:00:00",1,0,0,0,9
4236,"CN085CD",0,0,86,4,"04/30/22 00:00:00",1,0,0,0,9
4238,"BR671LF",0,0,86,4,"05/31/22 00:00:00",1,0,0,0,9
4239,"BK623GH",0,0,86,4,"05/31/22 00:00:00",1,0,0,0,9
4213,"GJ058BR",0,0,1,4,"01/31/22 00:00:00",1,0,0,0,9
4240,"BG923275",0,0,86,4,"05/31/22 00:00:00",1,0,0,0,9
4244,"EL214FZ",0,0,86,4,"04/30/22 00:00:00",1,0,0,0,9
4245,"BGB30275",0,0,86,4,"05/31/22 00:00:00",1,0,0,0,9
4250,"FV394FX",0,0,86,12,"01/31/23 00:00:00",1,0,0,0,9
4251,"GD476GM",0,0,86,12,"01/31/23 00:00:00",1,0,0,0,9
4252,"FD355LP",0,0,86,12,"03/31/22 00:00:00",1,0,0,0,9
4254,"FK765YR",0,0,86,12,"08/31/22 00:00:00",1,0,0,0,9
4256,"EX920TE",0,0,86,12,"10/31/22 00:00:00",1,0,0,0,9
4257,"EY006FP",0,0,86,12,"12/31/22 00:00:00",1,0,0,0,9
4261,"FM280PM",0,0,16,4,"04/30/22 00:00:00",1,0,0,0,9
4262,"FM281PM",0,0,16,4,"04/30/22 00:00:00",1,0,0,0,9
4263,"CC309YA",0,0,16,4,"02/28/22 00:00:00",1,0,0,0,9
4264,"FX888FB",0,0,35,12,"10/31/22 00:00:00",1,0,0,0,9
4270,"GD042GK",0,0,73,12,"01/31/22 00:00:00",1,0,0,0,9
4273,"BGA59674",0,0,79,4,"09/30/22 00:00:00",1,0,0,0,9
4274,"BG983663",0,0,79,4,"09/30/22 00:00:00",1,0,0,0,9
4275,"GC763RN",0,0,83,4,"02/28/22 00:00:00",1,0,0,0,9
4276,"GC764RN",0,0,83,4,"02/28/22 00:00:00",1,0,0,0,9
4279,"GF978JK",0,0,97,12,"12/31/21 00:00:00",1,0,0,0,9
4280,"GJ194BR",0,0,97,12,"02/28/22 00:00:00",1,0,0,0,9
4281,"GH285MB",0,0,77,4,"02/28/22 00:00:00",1,0,0,0,9
4282,"GC067RN",0,0,90,12,"10/31/22 00:00:00",1,0,0,0,9
4283,"FN033WD",0,0,90,12,"06/30/22 00:00:00",1,0,0,0,9
4285,"FN445WD",0,0,90,12,"09/30/22 00:00:00",1,0,0,0,9
4292,"FM026PM",0,0,95,12,"10/31/22 00:00:00",1,0,0,0,9
4294,"FM046PM",0,0,96,12,"10/31/22 00:00:00",1,0,0,0,9
4295,"FM029PM",0,0,96,12,"10/31/22 00:00:00",1,0,0,0,9
4296,"GJ180BR",0,0,77,4,"02/28/22 00:00:00",1,0,0,0,9
4301,"FP245DH",0,0,119,4,"02/28/22 00:00:00",1,0,0,0,9
4302,"GJ197BR",0,0,89,12,"02/28/22 00:00:00",1,0,0,0,9
4303,"GJ198BR",0,0,89,12,"02/28/22 00:00:00",1,0,0,0,9
4304,"GJ199BR",0,0,89,12,"02/28/22 00:00:00",1,0,0,0,9
4305,"GJ200BR",0,0,89,12,"02/28/22 00:00:00",1,0,0,0,9
4306,"GJ201BR",0,0,89,12,"02/28/22 00:00:00",1,0,0,0,9
4309,"GF730JK",0,0,77,4,"02/28/22 00:00:00",1,0,0,0,9
4310,"GJ216BR",0,0,98,12,"02/28/22 00:00:00",1,0,0,0,9
4311,"FZ453EM",0,0,4,12,"01/31/23 00:00:00",1,0,0,0,9
4312,"GG349LN",0,0,123,12,"02/28/23 00:00:00",1,0,0,0,9
4314,"GA406BK",0,0,124,12,"03/31/22 00:00:00",1,0,0,0,9
4315,"DJ954EL",0,0,124,12,"06/30/22 00:00:00",1,0,0,0,9
4316,"BGB54355",0,0,124,12,"05/31/22 00:00:00",1,0,0,0,9
4317,"EC848ME",0,0,124,12,"05/31/22 00:00:00",1,0,0,0,9
4318,"DR287CR",0,0,124,12,"05/31/22 00:00:00",1,0,0,0,9
4324,"GJ262BR",0,0,17,4,"02/28/22 00:00:00",1,0,0,0,9
4325,"GJ263BR",0,0,17,4,"02/28/22 00:00:00",1,0,0,0,9
4326,"GJ264BR",0,0,17,4,"02/28/22 00:00:00",1,0,0,0,9
4329,"GF351JK",0,0,1,12,"07/31/22 00:00:00",1,0,0,0,9
4333,"DK940WP",0,0,19,12,"11/30/22 00:00:00",1,0,0,0,9
4335,"GA343BK",0,0,73,12,"03/31/22 00:00:00",1,0,0,0,9
4336,"FP806RS",0,0,77,4,"03/31/22 00:00:00",1,0,0,0,9
4337,"GH514MB",0,0,82,4,"03/31/22 00:00:00",1,0,0,0,9
4338,"GJ290BR",0,0,83,4,"03/31/22 00:00:00",1,0,0,0,9
4339,"GJ288BR",0,0,83,4,"03/31/22 00:00:00",1,0,0,0,9
4340,"GJ289BR",0,0,83,4,"03/31/22 00:00:00",1,0,0,0,9
4343,"DX808JW",0,0,110,12,"08/31/22 00:00:00",1,0,0,0,9
4344,"DX177JW",0,0,110,12,"05/31/22 00:00:00",1,0,0,0,9
4346,"FD421VH",0,0,115,12,"04/30/22 00:00:00",1,0,0,0,9
4347,"GF202JK",0,0,115,12,"06/30/22 00:00:00",1,0,0,0,9
4349,"GF201JK",0,0,115,12,"06/30/22 00:00:00",1,0,0,0,9
4350,"GF405JK",0,0,115,12,"07/31/22 00:00:00",1,0,0,0,9
4352,"GJ306BR",0,0,92,4,"03/31/22 00:00:00",1,0,0,0,9
4355,"GJ312BR",0,0,82,4,"03/31/22 00:00:00",1,0,0,0,9
4356,"GP930CP",0,0,59,12,"09/30/22 00:00:00",1,0,0,0,9
4358,"GH660MB",0,0,73,12,"03/31/22 00:00:00",1,0,0,0,9
4359,"GJ329BR",0,0,17,4,"03/31/22 00:00:00",1,0,0,0,9
4360,"GJ330BR",0,0,17,4,"03/31/22 00:00:00",1,0,0,0,9
4361,"GJ331BR",0,0,17,4,"03/31/22 00:00:00",1,0,0,0,9
4362,"GJ332BR",0,0,17,4,"03/31/22 00:00:00",1,0,0,0,9
4363,"GJ334BR",0,0,17,4,"03/31/22 00:00:00",1,0,0,0,9
4364,"GJ335BR",0,0,17,4,"03/31/22 00:00:00",1,0,0,0,9
4365,"GJ333BR",0,0,17,4,"03/31/22 00:00:00",1,0,0,0,9
4366,"GH694MB",0,0,84,12,"03/31/22 00:00:00",1,0,0,0,9
4367,"GH695MB",0,0,84,12,"03/31/22 00:00:00",1,0,0,0,9
4368,"GH696MB",0,0,84,12,"03/31/22 00:00:00",1,0,0,0,9
4369,"GJ354BR",0,0,89,12,"03/31/22 00:00:00",1,0,0,0,9
4370,"GJ353BR",0,0,89,12,"03/31/22 00:00:00",1,0,0,0,9
4371,"DA226AL",0,0,16,12,"01/31/23 00:00:00",1,0,0,0,9
4376,"GA136BJ",0,0,73,12,"05/31/22 00:00:00",1,0,0,0,9
4377,"GA137BJ",0,0,73,12,"05/31/22 00:00:00",1,0,0,0,9
4378,"GA138BJ",0,0,73,12,"05/31/22 00:00:00",1,0,0,0,9
4381,"GH729MB",0,0,73,12,"04/30/22 00:00:00",1,0,0,0,9
4382,"X0P84760",0,0,125,12,"12/31/22 00:00:00",1,0,0,0,9
4383,"GJ383BR",0,0,82,4,"04/30/22 00:00:00",1,0,0,0,9
4384,"GJ384BR",0,0,82,4,"04/30/22 00:00:00",1,0,0,0,9
4393,"GH566LY",0,0,84,12,"12/31/22 00:00:00",1,0,0,0,9
4394,"GF004JK",0,0,90,12,"08/31/22 00:00:00",1,0,0,0,9
4395,"GC971DF",0,0,95,12,"12/31/22 00:00:00",1,0,0,0,9
4396,"GJ601NL",0,0,83,12,"04/30/22 00:00:00",1,0,0,0,9
4397,"GH754MB",0,0,19,12,"01/31/23 00:00:00",1,0,0,0,9
4399,"GJ432BR",0,0,16,4,"04/30/22 00:00:00",1,0,0,0,9
4400,"GJ431BR",0,0,16,4,"04/30/22 00:00:00",1,0,0,0,9
4401,"GJ430BR",0,0,16,4,"04/30/22 00:00:00",1,0,0,0,9
4402,"GJ429BR",0,0,16,4,"04/30/22 00:00:00",1,0,0,0,9
4403,"GJ428BR",0,0,16,4,"04/30/22 00:00:00",1,0,0,0,9
4404,"GJ427BR",0,0,16,4,"04/30/22 00:00:00",1,0,0,0,9
4405,"GJ426BR",0,0,16,4,"04/30/22 00:00:00",1,0,0,0,9
4406,"ZA680MP",0,0,92,4,"04/30/22 00:00:00",1,0,0,0,9
4407,"GJ440BR",0,0,41,4,"04/30/22 00:00:00",1,0,0,0,9
4409,"GC944RN",0,0,84,12,"08/31/22 00:00:00",1,0,0,0,9
4410,"FF071XL",0,0,54,4,"05/31/22 00:00:00",1,0,0,0,9
4411,"ZA681MP",0,0,92,4,"04/30/22 00:00:00",1,0,0,0,9
4412,"ZA682MP",0,0,92,4,"04/30/22 00:00:00",1,0,0,0,9
4418,"GH742AR",0,0,14,4,"05/31/22 00:00:00",1,0,0,0,9
4419,"GJ507BR",0,0,89,12,"05/31/22 00:00:00",1,0,0,0,9
4420,"GJ505BR",0,0,89,12,"05/31/22 00:00:00",1,0,0,0,9
4422,"GJ498BR",0,0,41,4,"05/31/22 00:00:00",1,0,0,0,9
4424,"GJ525BR",0,0,89,12,"05/31/22 00:00:00",1,0,0,0,9
4425,"GJ524BR",0,0,89,12,"05/31/22 00:00:00",1,0,0,0,9
4426,"AW293RA",0,0,84,12,"01/31/23 00:00:00",1,0,0,0,9
4429,"GH867MB",0,0,19,12,"04/30/22 00:00:00",1,0,0,0,9
4430,"GB376PY",0,0,84,12,"08/31/22 00:00:00",1,0,0,0,9
4432,"FC283FW",0,0,101,4,"08/31/22 00:00:00",1,0,0,0,9
4434,"FK650ZW",0,0,17,12,"06/30/22 00:00:00",1,0,0,0,9
4435,"GJ569BR",0,0,89,12,"05/31/22 00:00:00",1,0,0,0,9
4436,"GJ572BR",0,0,89,12,"05/31/22 00:00:00",1,0,0,0,9
4437,"GJ573BR",0,0,89,12,"05/31/22 00:00:00",1,0,0,0,9
4438,"GJ568BR",0,0,89,12,"05/31/22 00:00:00",1,0,0,0,9
4440,"GJ578BR",0,0,17,12,"05/31/22 00:00:00",1,0,0,0,9
4441,"FC435RL",0,0,75,12,"03/31/23 00:00:00",1,0,0,0,9
4442,"GJ582BR",0,0,92,4,"05/31/22 00:00:00",1,0,0,0,9
4444,"GJ585BR",0,0,70,4,"05/31/22 00:00:00",1,0,0,0,9
4445,"GJ586BR",0,0,97,12,"05/31/22 00:00:00",1,0,0,0,9
4450,"ZA684MP",0,0,92,4,"05/31/22 00:00:00",1,0,0,0,9
4451,"GJ597BR",0,0,41,4,"06/30/22 00:00:00",1,0,0,0,9
4452,"GJ596BR",0,0,77,4,"06/30/22 00:00:00",1,0,0,0,9
4456,"GJ617BR",0,0,73,12,"06/30/22 00:00:00",1,0,0,0,9
4459,"GJ127BR",0,0,104,4,"05/31/22 00:00:00",1,0,0,0,9
4463,"GK037SF",0,0,84,4,"07/31/22 00:00:00",1,0,0,0,9
4464,"GJ683BR",0,0,97,12,"06/30/22 00:00:00",1,0,0,0,9
4465,"GF395JK",0,0,35,12,"07/31/22 00:00:00",1,0,0,0,9
4469,"GF074JS",0,0,19,12,"07/31/22 00:00:00",1,0,0,0,9
4470,"GJ230BR",0,0,82,4,"06/30/22 00:00:00",1,0,0,0,9
4471,"GK118SF",0,0,19,12,"07/31/22 00:00:00",1,0,0,0,9
4472,"GK117SF",0,0,19,12,"07/31/22 00:00:00",1,0,0,0,9
4474,"FF334GG",0,0,54,12,"07/31/22 00:00:00",1,0,0,0,9
4477,"GJ750BR",0,0,92,4,"07/31/22 00:00:00",1,0,0,0,9
4478,"GJ014BR",0,0,14,4,"12/31/21 00:00:00",1,0,0,0,9
4480,"GJ765BR",0,0,92,4,"07/31/22 00:00:00",1,0,0,0,9
4482,"GF463JK",0,0,59,12,"08/31/22 00:00:00",1,0,0,0,9
4483,"GJ980ZN",4,0,126,12,"10/31/22 00:00:00",1,0,0,0,9
4486,"GJ731ZG",4,0,126,12,"05/31/23 00:00:00",1,0,0,0,9
4487,"GH949AR",0,0,14,4,"06/30/22 00:00:00",1,0,0,0,9
4488,"FX078TM",0,0,115,12,"06/30/23 00:00:00",1,0,0,0,9
4489,"FX079TM",0,0,115,12,"06/30/23 00:00:00",1,0,0,0,9
4491,"FX190TM",0,0,19,12,"09/30/22 00:00:00",1,0,0,0,9
4492,"GJ774BR",0,0,19,12,"08/31/22 00:00:00",1,0,0,0,9
4496,"GJ814BR",0,0,83,4,"08/31/22 00:00:00",1,0,0,0,9
4497,"GJ812BR",0,0,97,12,"08/31/22 00:00:00",1,0,0,0,9
4500,"DE969TC",0,0,127,12,"11/30/22 00:00:00",1,0,0,0,9
4501,"DJ115ES",0,0,127,12,"04/30/23 00:00:00",1,0,0,0,9
4502,"DJ040EL",0,0,127,12,"04/30/23 00:00:00",1,0,0,0,9
4504,"GX267AD",0,0,127,12,"01/31/23 00:00:00",1,0,0,0,9
4505,"CY114CX",0,0,127,12,"04/30/23 00:00:00",1,0,0,0,9
4506,"EP220ZY",0,0,127,12,"12/31/22 00:00:00",1,0,0,0,9
4509,"EB586ZM",0,0,127,12,"06/30/23 00:00:00",1,0,0,0,9
4510,"EC947WX",0,0,127,12,"08/31/23 00:00:00",1,0,0,0,9
4512,"DD196VW",0,0,127,12,"01/31/23 00:00:00",1,0,0,0,9
4513,"CL747LV",0,0,127,12,"01/31/23 00:00:00",1,0,0,0,9
4514,"CN269GX",0,0,127,12,"03/31/23 00:00:00",1,0,0,0,9
4516,"EP966HE",0,0,127,12,"01/31/23 00:00:00",1,0,0,0,9
4517,"ER239VY",0,0,127,12,"04/30/23 00:00:00",1,0,0,0,9
4518,"ET875HJ",0,0,127,12,"01/31/23 00:00:00",1,0,0,0,9
4519,"DE042XS",0,0,127,12,"10/31/22 00:00:00",1,0,0,0,9
4520,"CG642BC",0,0,127,12,"01/31/23 00:00:00",1,0,0,0,9
4521,"EX060DK",0,0,127,12,"11/30/22 00:00:00",1,0,0,0,9
4522,"EL406ZP",0,0,127,12,"03/31/23 00:00:00",1,0,0,0,9
4523,"DM599RJ",0,0,127,12,"12/31/22 00:00:00",1,0,0,0,9
4525,"EG885KP",0,0,127,12,"05/31/23 00:00:00",1,0,0,0,9
4526,"FD392LL",0,0,127,12,"03/31/23 00:00:00",1,0,0,0,9
4528,"ER487XY",0,0,127,12,"12/31/22 00:00:00",1,0,0,0,9
4529,"FF650XG",0,0,127,12,"10/31/22 00:00:00",1,0,0,0,9
4533,"DJ535HS",0,0,127,12,"05/31/23 00:00:00",1,0,0,0,9
4534,"DL770SG",0,0,127,12,"09/30/22 00:00:00",1,0,0,0,9
4535,"FK484WY",0,0,127,12,"06/30/23 00:00:00",1,0,0,0,9
4536,"FM061PM",0,0,127,12,"11/30/22 00:00:00",1,0,0,0,9
4537,"DZ172AD",0,0,127,12,"08/31/23 00:00:00",1,0,0,0,9
4539,"FR423YZ",0,0,127,12,"09/30/22 00:00:00",1,0,0,0,9
4540,"FP634RH",0,0,127,12,"05/31/23 00:00:00",1,0,0,0,9
4871,"GP160CP",0,0,92,4,"05/31/23 00:00:00",1,0,0,0,9
5036,"FG294EE",0,0,14,4,"01/31/24 00:00:00",1,0,0,0,9
4541,"FP271RM",0,0,127,12,"06/30/23 00:00:00",1,0,0,0,9
4542,"EC380KT",0,0,127,12,"07/31/23 00:00:00",1,0,0,0,9
4543,"FW266KA",0,0,127,12,"05/31/23 00:00:00",1,0,0,0,9
4544,"EF956DV",0,0,127,12,"09/30/22 00:00:00",1,0,0,0,9
4545,"FZ832AR",0,0,127,12,"10/31/22 00:00:00",1,0,0,0,9
4546,"ES564VL",0,0,127,12,"03/31/23 00:00:00",1,0,0,0,9
4547,"EG266PH",0,0,127,12,"02/28/23 00:00:00",1,0,0,0,9
4549,"DD077HP",0,0,127,12,"09/30/22 00:00:00",1,0,0,0,9
4550,"GF831JK",0,0,127,12,"11/30/22 00:00:00",1,0,0,0,9
4551,"FL461RD",0,0,127,12,"06/30/23 00:00:00",1,0,0,0,9
4552,"GD093GK",0,0,127,12,"01/31/23 00:00:00",1,0,0,0,9
4553,"GD145GK",0,0,127,12,"02/28/23 00:00:00",1,0,0,0,9
4554,"BE768FB",0,0,127,12,"06/30/23 00:00:00",1,0,0,0,9
4555,"UD673070",0,0,127,12,"04/30/23 00:00:00",1,0,0,0,9
4556,"ET402ME",0,0,127,12,"11/30/22 00:00:00",1,0,0,0,9
4557,"EZ945PY",0,0,127,12,"04/30/23 00:00:00",1,0,0,0,9
4558,"AN914WD",0,0,127,12,"11/30/22 00:00:00",1,0,0,0,9
4559,"EW325LG",0,0,127,12,"05/31/23 00:00:00",1,0,0,0,9
4560,"FA845VR",0,0,127,12,"08/31/23 00:00:00",1,0,0,0,9
4561,"EY616EZ",0,0,127,12,"12/31/22 00:00:00",1,0,0,0,9
4562,"CD977CK",0,0,127,12,"09/30/22 00:00:00",1,0,0,0,9
4563,"BF802BT",0,0,127,12,"12/31/22 00:00:00",1,0,0,0,9
4564,"GE149GM",0,0,127,12,"06/30/23 00:00:00",1,0,0,0,9
4565,"GF542JC",0,0,127,12,"07/31/23 00:00:00",1,0,0,0,9
4572,"GF608JK",0,0,127,12,"01/31/23 00:00:00",1,0,0,0,9
4573,"GF607JK",0,0,127,12,"05/31/23 00:00:00",1,0,0,0,9
4574,"EK481JA",0,0,127,12,"12/31/22 00:00:00",1,0,0,0,9
4581,"FN789PL",0,0,127,12,"01/31/23 00:00:00",1,0,0,0,9
4583,"GP575CP",0,0,127,12,"10/31/22 00:00:00",1,0,0,0,9
4584,"GJ117BR",0,0,127,12,"01/31/23 00:00:00",1,0,0,0,9
4586,"GC431VR",0,0,84,12,"10/31/22 00:00:00",1,0,0,0,9
4591,"GJ887BR",0,0,83,4,"09/30/22 00:00:00",1,0,0,0,9
4592,"GJ886BR",0,0,83,4,"09/30/22 00:00:00",1,0,0,0,9
4593,"GJ888BR",0,0,14,4,"09/30/22 00:00:00",1,0,0,0,9
4597,"DB184WS",0,0,78,4,"03/31/23 00:00:00",1,0,0,0,9
4601,"FS157BA",0,0,96,12,"06/30/23 00:00:00",1,0,0,0,9
4604,"GJ017BR",0,0,104,4,"12/31/22 00:00:00",1,0,0,0,9
4614,"GJ951BR,",0,0,14,4,"09/30/22 00:00:00",1,0,0,0,9
4615,"EY583SN",0,0,92,12,"02/28/23 00:00:00",1,0,0,0,9
4616,"GJ961BR",0,0,84,4,"09/30/22 00:00:00",1,0,0,0,9
4617,"GJ962BR",0,0,84,4,"09/30/22 00:00:00",1,0,0,0,9
4619,"GJ664BR",0,0,89,12,"06/30/22 00:00:00",1,0,0,0,9
4620,"GJ692BR",0,0,83,4,"10/31/22 00:00:00",1,0,0,0,9
4621,"GJ693BR",0,0,83,4,"10/31/22 00:00:00",1,0,0,0,9
4622,"GJ694BR",0,0,83,4,"10/31/22 00:00:00",1,0,0,0,9
4624,"GJ912BR",0,0,83,4,"09/30/22 00:00:00",1,0,0,0,9
4625,"GJ995BR",0,0,14,4,"10/31/22 00:00:00",1,0,0,0,9
4633,"GJ976BR",0,0,73,12,"09/30/22 00:00:00",1,0,0,0,9
4635,"GM034AS",0,0,14,4,"10/31/22 00:00:00",1,0,0,0,9
4636,"GM033AS",0,0,41,4,"10/31/22 00:00:00",1,0,0,0,9
4637,"GM032AS",0,0,41,4,"10/31/22 00:00:00",1,0,0,0,9
4638,"GM042AS",0,0,97,12,"10/31/22 00:00:00",1,0,0,0,9
4639,"GM041AS",0,0,87,4,"10/31/22 00:00:00",1,0,0,0,9
4640,"FE968TJ",0,0,110,12,"10/31/23 00:00:00",1,0,0,0,9
4643,"CB884MK",0,0,110,12,"10/31/23 00:00:00",1,0,0,0,9
4644,"GM051AS",0,0,82,4,"10/31/22 00:00:00",1,0,0,0,9
4645,"GM050AS",0,0,82,4,"10/31/22 00:00:00",1,0,0,0,9
4646,"GM049AS",0,0,82,4,"10/31/22 00:00:00",1,0,0,0,9
4647,"GM048AS",0,0,82,4,"10/31/22 00:00:00",1,0,0,0,9
4648,"GM047AS",0,0,82,4,"10/31/22 00:00:00",1,0,0,0,9
4649,"GM046AS",0,0,82,4,"10/31/22 00:00:00",1,0,0,0,9
4650,"GM045AS",0,0,82,4,"10/31/22 00:00:00",1,0,0,0,9
4651,"GM044AS",0,0,82,4,"10/31/22 00:00:00",1,0,0,0,9
4652,"GM052AS",0,0,82,4,"10/31/22 00:00:00",1,0,0,0,9
4654,"GM070AS",0,0,2,4,"10/31/22 00:00:00",1,0,0,0,9
4655,"GJ638BR",0,0,59,4,"02/28/23 00:00:00",1,0,0,0,9
4656,"GE003GF",0,0,84,12,"05/31/23 00:00:00",1,0,0,0,9
4657,"FF339XL",0,0,84,4,"11/30/22 00:00:00",1,0,0,0,9
4658,"FF340XL",0,0,84,4,"11/30/22 00:00:00",1,0,0,0,9
4659,"FF801PM",0,0,14,4,"03/31/23 00:00:00",1,0,0,0,9
4660,"GC762RN",0,0,82,4,"02/28/22 00:00:00",1,0,0,0,9
4661,"GC831RN",0,0,104,4,"11/30/22 00:00:00",1,0,0,0,9
4663,"FM132PM",0,0,115,12,"11/30/22 00:00:00",1,0,0,0,9
4665,"FF074XL",0,0,17,4,"05/31/25 00:00:00",1,0,0,0,9
4666,"GJ711BR",0,0,118,12,"11/30/22 00:00:00",1,0,0,0,9
4669,"GM128AS",0,0,14,4,"11/30/22 00:00:00",1,0,0,0,9
4670,"GM127AS",0,0,14,4,"11/30/22 00:00:00",1,0,0,0,9
4671,"GM129AS",0,0,41,4,"11/30/22 00:00:00",1,0,0,0,9
4673,"GL638HC",0,0,96,12,"10/31/22 00:00:00",1,0,0,0,9
4674,"GL639HC",0,0,96,12,"10/31/22 00:00:00",1,0,0,0,9
4676,"GC309RN",0,0,104,4,"12/31/20 00:00:00",1,0,0,0,9
4681,"GM157AS",0,0,41,4,"11/30/22 00:00:00",1,0,0,0,9
4684,"GK506CE",0,0,73,12,"05/31/23 00:00:00",1,0,0,0,9
4685,"GM256AS",0,0,77,4,"12/31/22 00:00:00",1,0,0,0,9
4686,"GM262AS",0,0,14,4,"12/31/22 00:00:00",1,0,0,0,9
4688,"GM268AS",0,0,14,4,"12/31/22 00:00:00",1,0,0,0,9
4689,"GM267AS",0,0,92,4,"12/31/22 00:00:00",1,0,0,0,9
4690,"EB247PZ",0,0,128,12,"12/31/23 00:00:00",1,0,0,0,9
4691,"FC302FW",0,0,128,12,"12/31/23 00:00:00",1,0,0,0,9
4692,"FT147CV",0,0,14,4,"01/31/23 00:00:00",1,0,0,0,9
4694,"GM760AM",0,0,35,12,"12/31/22 00:00:00",1,0,0,0,9
4695,"GM709AR",0,0,73,12,"12/31/22 00:00:00",1,0,0,0,9
4696,"GM708AR",0,0,73,12,"12/31/22 00:00:00",1,0,0,0,9
4697,"GM710AR",0,0,73,12,"12/31/22 00:00:00",1,0,0,0,9
4698,"GM285AS",0,0,77,4,"12/31/22 00:00:00",1,0,0,0,9
4699,"GM755AV",0,0,128,12,"12/31/22 00:00:00",1,0,0,0,9
4700,"FD088VC",0,0,121,4,"02/28/23 00:00:00",1,0,0,0,9
4701,"GM378GL",0,0,83,12,"12/31/22 00:00:00",1,0,0,0,9
4702,"GM379GL",0,0,83,12,"12/31/22 00:00:00",1,0,0,0,9
4703,"GM292AS",0,0,87,4,"12/31/22 00:00:00",1,0,0,0,9
4704,"GM294AS",0,0,97,12,"12/31/22 00:00:00",1,0,0,0,9
4706,"GM380AK",0,0,115,12,"12/31/22 00:00:00",1,0,0,0,9
4707,"GL893HF",0,0,96,12,"12/31/22 00:00:00",1,0,0,0,9
4708,"GW988BG",0,0,113,4,"12/31/22 00:00:00",1,0,0,0,9
4709,"DP292KW",0,0,35,4,"12/31/22 00:00:00",1,0,0,0,9
4710,"GM308AS",0,0,86,4,"12/31/22 00:00:00",1,0,0,0,9
4711,"GM331AS",0,0,113,4,"12/31/22 00:00:00",1,0,0,0,9
4712,"FV086DG",0,0,128,12,"01/31/23 00:00:00",1,0,0,0,9
4713,"GD883HP",0,0,128,12,"01/31/23 00:00:00",1,0,0,0,9
4714,"GA152BC",0,0,128,12,"01/31/23 00:00:00",1,0,0,0,9
4715,"FN919WD",0,0,83,12,"07/31/23 00:00:00",1,0,0,0,9
4716,"GM760AR",0,0,4,4,"01/31/23 00:00:00",1,0,0,0,9
4717,"GM344AS",0,0,113,4,"01/31/23 00:00:00",1,0,0,0,9
4718,"GM338AS",0,0,89,12,"01/31/23 00:00:00",1,0,0,0,9
4719,"GM339AS",0,0,89,12,"01/31/23 00:00:00",1,0,0,0,9
4720,"GM340AS",0,0,89,12,"01/31/23 00:00:00",1,0,0,0,9
4721,"GM341AS",0,0,89,12,"01/31/23 00:00:00",1,0,0,0,9
4722,"GM342AS",0,0,89,12,"01/31/23 00:00:00",1,0,0,0,9
4723,"GM343AS",0,0,89,12,"01/31/23 00:00:00",1,0,0,0,9
4725,"GM370AS",0,0,92,4,"01/31/23 00:00:00",1,0,0,0,9
4727,"GD299GK",0,0,104,4,"11/30/22 00:00:00",1,0,0,0,9
4728,"GM373AS",0,0,113,4,"01/31/23 00:00:00",1,0,0,0,9
4730,"GM402AS",0,0,113,4,"01/31/23 00:00:00",1,0,0,0,9
4731,"GM424AS",0,0,79,4,"01/31/23 00:00:00",1,0,0,0,9
4747,"GK981VW",0,0,86,12,"11/30/23 00:00:00",1,0,0,0,9
4748,"GL540HF",0,0,86,12,"11/30/23 00:00:00",1,0,0,0,9
4749,"GM453AS",0,0,16,4,"02/28/23 00:00:00",1,0,0,0,9
4750,"GM454AS",0,0,16,4,"02/28/23 00:00:00",1,0,0,0,9
4751,"GM455AS",0,0,16,4,"02/28/23 00:00:00",1,0,0,0,9
4752,"GM852AR",0,0,1,4,"02/28/23 00:00:00",1,0,0,0,9
4753,"GM472AS",0,0,19,12,"02/28/23 00:00:00",1,0,0,0,9
4754,"GM471AS",0,0,19,12,"02/28/23 00:00:00",1,0,0,0,9
4755,"GM481AS",0,0,17,4,"02/28/23 00:00:00",1,0,0,0,9
4756,"GM480AS",0,0,17,4,"02/28/23 00:00:00",1,0,0,0,9
4757,"GM479AS",0,0,17,4,"02/28/23 00:00:00",1,0,0,0,9
4758,"GM478AS",0,0,17,4,"02/28/23 00:00:00",1,0,0,0,9
4759,"GF272JK",0,0,84,12,"10/31/23 00:00:00",1,0,0,0,9
4760,"GM486AS",0,0,17,4,"02/28/23 00:00:00",1,0,0,0,9
4761,"GM158AS",0,0,97,12,"11/30/22 00:00:00",1,0,0,0,9
4762,"GM459AS",0,0,97,12,"02/28/23 00:00:00",1,0,0,0,9
4763,"GM458AS",0,0,97,12,"02/28/23 00:00:00",1,0,0,0,9
4766,"GM498AS",0,0,77,4,"02/28/23 00:00:00",1,0,0,0,9
4767,"GM502AS",0,0,97,12,"02/28/23 00:00:00",1,0,0,0,9
4768,"DC966TX",0,0,110,12,"02/28/23 00:00:00",1,0,0,0,9
4770,"GK172LT",0,0,30,4,"01/31/23 00:00:00",1,0,0,0,9
4771,"GM757RM",0,0,84,12,"01/31/24 00:00:00",1,0,0,0,9
4772,"GM758RM",0,0,84,12,"01/31/24 00:00:00",1,0,0,0,9
4773,"CW574MY",0,0,127,12,"06/30/23 00:00:00",1,0,0,0,9
4776,"GK777SF",0,0,75,12,"07/31/23 00:00:00",1,0,0,0,9
4777,"GM103RN",0,0,84,12,"02/28/23 00:00:00",1,0,0,0,9
4778,"GM558AS",0,0,73,12,"02/28/23 00:00:00",1,0,0,0,9
4779,"GM563AS",0,0,83,4,"03/31/23 00:00:00",1,0,0,0,9
4780,"GM564AS",0,0,83,4,"03/31/23 00:00:00",1,0,0,0,9
4781,"GM565AS",0,0,83,4,"03/31/23 00:00:00",1,0,0,0,9
4782,"GM568AS",0,0,83,4,"03/31/23 00:00:00",1,0,0,0,9
4783,"GM569AS",0,0,83,4,"03/31/23 00:00:00",1,0,0,0,9
4785,"FT028GF",0,0,129,4,"05/31/23 00:00:00",1,0,0,0,9
4788,"DR693ZB",0,0,129,4,"06/30/23 00:00:00",1,0,0,0,9
4790,"EG043FP",0,0,129,12,"02/28/24 00:00:00",1,0,0,0,9
4792,"FD375LP",0,0,129,4,"03/31/23 00:00:00",1,0,0,0,9
4794,"AW723RK",0,0,129,12,"09/30/23 00:00:00",1,0,0,0,9
4796,"GD555GA",0,0,129,12,"11/30/23 00:00:00",1,0,0,0,9
4797,"GJ279BR",0,0,97,12,"02/28/24 00:00:00",1,0,0,0,9
4798,"GG935RW",0,0,98,12,"07/31/23 00:00:00",1,0,0,0,9
4801,"GM647AS",0,0,98,12,"03/31/23 00:00:00",1,0,0,0,9
4802,"FN140WD",0,0,16,4,"07/31/23 00:00:00",1,0,0,0,9
4803,"FN141WD",0,0,16,4,"07/31/23 00:00:00",1,0,0,0,9
4804,"GM643AS",0,0,16,4,"03/31/23 00:00:00",1,0,0,0,9
4805,"GM655AS",0,0,16,4,"03/31/23 00:00:00",1,0,0,0,9
4813,"GM942AR",0,0,82,4,"04/30/23 00:00:00",1,0,0,0,9
4814,"EZ802FV",0,0,131,4,"04/30/23 00:00:00",1,0,0,0,9
4815,"FE749TJ",0,0,131,4,"04/30/23 00:00:00",1,0,0,0,9
4816,"FV650DG",0,0,131,4,"04/30/23 00:00:00",1,0,0,0,9
4817,"GA166BJ",0,0,131,4,"04/30/23 00:00:00",1,0,0,0,9
4819,"FX960TM",0,0,131,4,"05/31/23 00:00:00",1,0,0,0,9
4820,"FM121CR",0,0,131,4,"05/31/23 00:00:00",1,0,0,0,9
4821,"FB131BP",0,0,131,4,"06/30/23 00:00:00",1,0,0,0,9
4822,"GM240RT",0,0,115,12,"04/30/23 00:00:00",1,0,0,0,9
4823,"GM241RT",0,0,115,12,"04/30/23 00:00:00",1,0,0,0,9
4824,"GM708AS",0,0,75,4,"04/30/23 00:00:00",1,0,0,0,9
4825,"GM709AS",0,0,75,4,"04/30/23 00:00:00",1,0,0,0,9
4826,"GM710AS",0,0,75,4,"04/30/23 00:00:00",1,0,0,0,9
4827,"GM711AS",0,0,75,4,"04/30/23 00:00:00",1,0,0,0,9
4828,"GM712AS",0,0,75,4,"04/30/23 00:00:00",1,0,0,0,9
4829,"GM938LM",0,0,89,12,"02/28/23 00:00:00",1,0,0,0,9
4831,"GM733AS",0,0,2,4,"04/30/23 00:00:00",1,0,0,0,9
4832,"GM735AS",0,0,110,12,"04/30/23 00:00:00",1,0,0,0,9
4833,"GM734AS",0,0,110,12,"04/30/23 00:00:00",1,0,0,0,9
4834,"GP007CP",0,0,16,4,"04/30/23 00:00:00",1,0,0,0,9
4835,"GP008CP",0,0,16,4,"04/30/23 00:00:00",1,0,0,0,9
4838,"GP011CP",0,0,16,4,"04/30/23 00:00:00",1,0,0,0,9
4839,"GP012CP",0,0,16,4,"04/30/23 00:00:00",1,0,0,0,9
4840,"GP013CP",0,0,16,4,"04/30/23 00:00:00",1,0,0,0,9
4841,"GP014CP",0,0,16,4,"04/30/23 00:00:00",1,0,0,0,9
4842,"GM238RT",0,0,84,12,"03/31/23 00:00:00",1,0,0,0,9
4843,"GP018CP",0,0,83,4,"04/30/23 00:00:00",1,0,0,0,9
4844,"GP019CP",0,0,83,4,"04/30/23 00:00:00",1,0,0,0,9
4845,"GP020CP",0,0,83,4,"04/30/23 00:00:00",1,0,0,0,9
4846,"GP021CP",0,0,83,4,"04/30/23 00:00:00",1,0,0,0,9
4847,"GP022CP",0,0,83,4,"04/30/23 00:00:00",1,0,0,0,9
4848,"GP023CP",0,0,83,4,"04/30/23 00:00:00",1,0,0,0,9
4849,"GM099RV",0,0,98,12,"04/30/23 00:00:00",1,0,0,0,9
4850,"GM888AS",0,0,84,4,"06/30/23 00:00:00",1,0,0,0,9
4851,"GM889AS",0,0,84,12,"03/31/24 00:00:00",1,0,0,0,9
4856,"GE846YR",0,0,17,12,"03/31/24 00:00:00",1,0,0,0,9
4857,"GP091CP",0,0,89,12,"04/30/23 00:00:00",1,0,0,0,9
4858,"GP090CP",0,0,98,12,"04/30/23 00:00:00",1,0,0,0,9
4859,"GP116CP",0,0,2,4,"05/31/23 00:00:00",1,0,0,0,9
4860,"GP113CP",0,0,92,4,"05/31/23 00:00:00",1,0,0,0,9
4861,"GP132CP",0,0,77,4,"05/31/23 00:00:00",1,0,0,0,9
4862,"GP137CP",0,0,83,4,"05/31/23 00:00:00",1,0,0,0,9
4863,"GP136CP",0,0,83,4,"05/31/23 00:00:00",1,0,0,0,9
4864,"GD948GK",0,0,16,4,"05/31/23 00:00:00",1,0,0,0,9
4867,"GJ963BR",0,0,84,12,"09/30/23 00:00:00",1,0,0,0,9
4875,"GP566CH",0,0,115,12,"04/30/24 00:00:00",1,0,0,0,9
4877,"GP201CP",0,0,83,4,"05/31/23 00:00:00",1,0,0,0,9
4880,"GP226CP",0,0,16,4,"05/31/23 00:00:00",1,0,0,0,9
4881,"GP242CP",0,0,16,4,"06/30/23 00:00:00",1,0,0,0,9
4882,"GP246CP",0,0,89,12,"06/30/23 00:00:00",1,0,0,0,9
4883,"GP245CP",0,0,89,12,"06/30/23 00:00:00",1,0,0,0,9
4886,"GM240AS",0,0,35,4,"07/31/23 00:00:00",1,0,0,0,9
4887,"GM239AS",0,0,35,4,"07/31/23 00:00:00",1,0,0,0,9
4888,"GF736JK",0,0,35,4,"06/30/23 00:00:00",1,0,0,0,9
4889,"GF737JK",0,0,35,4,"06/30/23 00:00:00",1,0,0,0,9
4890,"GP260CP",0,0,83,4,"06/30/23 00:00:00",1,0,0,0,9
4891,"GP261CP",0,0,83,4,"06/30/23 00:00:00",1,0,0,0,9
4892,"DA178NZ",0,0,124,12,"05/31/23 00:00:00",1,0,0,0,9
4893,"GP271CP",0,0,82,4,"06/30/23 00:00:00",1,0,0,0,9
4894,"GP419JB",0,0,14,12,"06/30/23 00:00:00",1,0,0,0,9
4895,"GP265CP",0,0,75,4,"06/30/23 00:00:00",1,0,0,0,9
4896,"GP266CP",0,0,75,4,"06/30/23 00:00:00",1,0,0,0,9
4897,"GP267CP",0,0,75,4,"06/30/23 00:00:00",1,0,0,0,9
4898,"GP268CP",0,0,75,4,"06/30/23 00:00:00",1,0,0,0,9
4899,"GP269CP",0,0,75,4,"06/30/23 00:00:00",1,0,0,0,9
4900,"GM145TG",0,0,84,12,"12/31/23 00:00:00",1,0,0,0,9
4901,"FP754RS",0,0,100,4,"07/31/23 00:00:00",1,0,0,0,9
4902,"FM025PM",0,0,95,12,"06/30/23 00:00:00",1,0,0,0,9
4903,"FM028PM",0,0,95,12,"06/30/23 00:00:00",1,0,0,0,9
4904,"DN899MP",0,0,95,12,"07/31/23 00:00:00",1,0,0,0,9
4905,"FF033TR",0,0,95,12,"09/30/23 00:00:00",1,0,0,0,9
4906,"FF789EW",0,0,95,12,"09/30/23 00:00:00",1,0,0,0,9
4907,"GA239BJ",0,0,95,12,"09/30/23 00:00:00",1,0,0,0,9
4908,"FA905PF",0,0,95,12,"08/31/23 00:00:00",1,0,0,0,9
4909,"GJ425BR",0,0,95,12,"08/31/23 00:00:00",1,0,0,0,9
4911,"GN596YC",0,0,83,12,"05/31/23 00:00:00",1,0,0,0,9
4913,"FD945CE",0,0,54,4,"04/30/24 00:00:00",1,0,0,0,9
4916,"GP326CP",0,0,77,4,"06/30/23 00:00:00",1,0,0,0,9
4917,"GM980RV",0,0,90,12,"06/30/23 00:00:00",1,0,0,0,9
4918,"GP343CP",0,0,89,12,"06/30/23 00:00:00",1,0,0,0,9
4919,"GP331CP",0,0,16,4,"06/30/23 00:00:00",1,0,0,0,9
4920,"GP332CP",0,0,16,4,"06/30/23 00:00:00",1,0,0,0,9
4921,"GP333CP",0,0,16,4,"06/30/23 00:00:00",1,0,0,0,9
4922,"GP334CP",0,0,16,4,"06/30/23 00:00:00",1,0,0,0,9
4923,"GP335CP",0,0,16,4,"06/30/23 00:00:00",1,0,0,0,9
4924,"FV039DA",0,0,113,12,"02/28/23 00:00:00",1,0,0,0,9
4926,"GP126CH",0,0,75,12,"05/31/24 00:00:00",1,0,0,0,9
4927,"GP825WR",0,0,115,12,"07/31/23 00:00:00",1,0,0,0,9
4928,"GP826WR",0,0,115,12,"07/31/23 00:00:00",1,0,0,0,9
4929,"FL958BL",0,0,129,4,"07/31/23 00:00:00",1,0,0,0,9
4930,"GP374CP",0,0,16,4,"07/31/23 00:00:00",1,0,0,0,9
4931,"FF073BA",0,0,92,4,"07/31/23 00:00:00",1,0,0,0,9
4932,"GP378CP",0,0,75,4,"07/31/23 00:00:00",1,0,0,0,9
4933,"GP379CP",0,0,75,4,"07/23/23 00:00:00",1,0,0,0,9
4934,"GP380CP",0,0,75,4,"07/23/23 00:00:00",1,0,0,0,9
4935,"GP381CP",0,0,75,4,"07/23/23 00:00:00",1,0,0,0,9
4936,"GP382CP",0,0,75,4,"07/23/23 00:00:00",1,0,0,0,9
4939,"GP567CH",0,0,115,12,"07/31/23 00:00:00",1,0,0,0,9
4943,"EX074KL",0,0,92,4,"01/31/24 00:00:00",1,0,0,0,9
4945,"GP616CL",0,0,84,12,"08/31/23 00:00:00",1,0,0,0,9
4947,"FL974JA",0,0,92,12,"04/30/24 00:00:00",1,0,0,0,9
4949,"GP286CN",0,0,89,12,"07/31/23 00:00:00",1,0,0,0,9
4950,"GR072BM",0,0,84,12,"07/31/23 00:00:00",1,0,0,0,9
4951,"GR070BM",0,0,84,12,"07/31/23 00:00:00",1,0,0,0,9
4952,"GP461CP",0,0,92,4,"08/31/23 00:00:00",1,0,0,0,9
4953,"GP460CP",0,0,92,4,"08/31/23 00:00:00",1,0,0,0,9
4954,"GR071BM",0,0,84,12,"07/31/23 00:00:00",1,0,0,0,9
4955,"GR073BM",0,0,84,12,"07/31/23 00:00:00",1,0,0,0,9
4956,"GM681AS",0,0,100,4,"07/31/23 00:00:00",1,0,0,0,9
4958,"GP484CP",0,0,115,12,"08/31/23 00:00:00",1,0,0,0,9
4962,"GM438AS",0,0,129,4,"09/30/23 00:00:00",1,0,0,0,9
4968,"GP021XZ",0,0,14,4,"08/31/23 00:00:00",1,0,0,0,9
4969,"GP702RR",0,0,54,4,"08/31/23 00:00:00",1,0,0,0,9
4972,"GP038XZ",0,0,75,4,"08/31/23 00:00:00",1,0,0,0,9
4973,"GP754XT",0,0,84,12,"08/31/23 00:00:00",1,0,0,0,9
4974,"FL574AZ",0,0,14,4,"10/31/23 00:00:00",1,0,0,0,9
4975,"FL575AZ",0,0,14,4,"10/31/23 00:00:00",1,0,0,0,9
4976,"GP439TX",0,0,115,12,"09/30/23 00:00:00",1,0,0,0,9
4977,"GP438TX",0,0,115,12,"09/30/23 00:00:00",1,0,0,0,9
4978,"GP052XZ",0,0,4,12,"09/30/23 00:00:00",1,0,0,0,9
4979,"GP054XZ",0,0,89,12,"09/30/23 00:00:00",1,0,0,0,9
4980,"GP053XZ",0,0,89,12,"09/23/23 00:00:00",1,0,0,0,9
4981,"GP055XZ",0,0,89,12,"09/23/23 00:00:00",1,0,0,0,9
4982,"GP050XZ",0,0,89,12,"09/23/23 00:00:00",1,0,0,0,9
4983,"GP051XZ",0,0,89,12,"09/23/23 00:00:00",1,0,0,0,9
4987,"CM210PF",0,0,79,12,"01/31/24 00:00:00",1,0,0,0,9
4988,"FL742BL",0,0,113,4,"08/31/24 00:00:00",1,0,0,0,9
4991,"GP063XZ",0,0,59,4,"09/30/23 00:00:00",1,0,0,0,9
4992,"GP064XZ",0,0,59,4,"09/30/23 00:00:00",1,0,0,0,9
4993,"GP065XZ",0,0,59,4,"09/30/23 00:00:00",1,0,0,0,9
4994,"GP066XZ",0,0,59,4,"09/30/23 00:00:00",1,0,0,0,9
4996,"FM030PM",0,0,96,12,"06/30/24 00:00:00",1,0,0,0,9
4999,"FP771RS",0,0,17,4,"07/31/23 00:00:00",1,0,0,0,9
5000,"FP772RS",0,0,17,4,"07/31/23 00:00:00",1,0,0,0,9
5003,"GP081XZ",0,0,115,12,"09/30/23 00:00:00",1,0,0,0,9
5004,"GP749YB",0,0,18,12,"09/30/23 00:00:00",1,0,0,0,9
5008,"GP089XZ",0,0,100,4,"09/30/23 00:00:00",1,0,0,0,9
5010,"FY384VZ",0,0,104,4,"12/31/23 00:00:00",1,0,0,0,9
5013,"CP917TT",0,0,132,4,"01/31/24 00:00:00",1,0,0,0,9
5014,"DD330CH",0,0,132,12,"05/31/24 00:00:00",1,0,0,0,9
5015,"FD839BY",0,0,132,12,"03/31/24 00:00:00",1,0,0,0,9
5017,"AF870XL",0,0,132,4,"01/31/24 00:00:00",1,0,0,0,9
5019,"FT120GF",0,0,132,4,"10/31/23 00:00:00",1,0,0,0,9
5020,"GP039XZ",0,0,132,4,"12/31/23 00:00:00",1,0,0,0,9
5023,"GM391AS",0,0,132,4,"01/31/24 00:00:00",1,0,0,0,9
5024,"VR996214",0,0,132,4,"01/31/24 00:00:00",1,0,0,0,9
5025,"GR421CL",0,0,83,12,"09/30/23 00:00:00",1,0,0,0,9
5027,"FV812YR",0,0,75,12,"03/31/24 00:00:00",1,0,0,0,9
5028,"FX807TJ",0,0,129,12,"08/31/24 00:00:00",1,0,0,0,9
5031,"YA349AV",0,0,88,12,"07/31/23 00:00:00",1,0,0,0,9
5032,"GR506AX",0,0,83,12,"09/30/23 00:00:00",1,0,0,0,9
5034,"GP067XZ",0,0,4,4,"09/30/23 00:00:00",1,0,0,0,9
5035,"GL606GZ",0,0,113,12,"10/31/23 00:00:00",1,0,0,0,9
5038,"GP193XZ",0,0,4,4,"10/31/23 00:00:00",1,0,0,0,9
5039,"GP191XZ",0,0,59,4,"10/31/23 00:00:00",1,0,0,0,9
5040,"GP192XZ",0,0,59,4,"10/31/23 00:00:00",1,0,0,0,9
5041,"GF816XS",0,0,119,12,"11/30/23 00:00:00",1,0,0,0,9
5046,"FH343ZA",0,0,14,4,"10/31/23 00:00:00",1,0,0,0,9
5047,"GC634MK",0,0,86,12,"10/31/23 00:00:00",1,0,0,0,9
5048,"GP429DA",0,0,86,12,"08/31/23 00:00:00",1,0,0,0,9
5050,"FN985CB",0,0,127,12,"12/31/23 00:00:00",1,0,0,0,9
5051,"GP220XZ",0,0,59,4,"10/31/23 00:00:00",1,0,0,0,9
5052,"GP270XZ",0,0,77,4,"10/31/23 00:00:00",1,0,0,0,9
5054,"FH345ZA",0,0,14,4,"10/31/23 00:00:00",1,0,0,0,9
5056,"GP684CP",0,0,75,12,"06/30/24 00:00:00",1,0,0,0,9
5057,"GP685CP",0,0,75,12,"06/30/24 00:00:00",1,0,0,0,9
5060,"FF520XL",0,0,16,4,"11/30/23 00:00:00",1,0,0,0,9
5062,"GJ304BR",0,0,17,12,"03/31/24 00:00:00",1,0,0,0,9
5063,"GJ305BR",0,0,17,12,"03/31/24 00:00:00",1,0,0,0,9
5066,"ER031GP",0,0,96,12,"02/28/24 00:00:00",1,0,0,0,9
5067,"GC323MK",0,0,80,12,"11/30/23 00:00:00",1,0,0,0,9
5068,"GS620GJ",0,0,16,4,"12/31/23 00:00:00",1,0,0,0,9
5071,"GP010XZ",0,0,16,4,"12/31/23 00:00:00",1,0,0,0,9
5073,"FV080CV",0,0,54,12,"12/23/23 00:00:00",1,0,0,0,9
5074,"EB358RC",0,0,120,4,"02/29/24 00:00:00",1,0,0,0,9
5075,"GJ785BR",0,0,75,4,"12/31/23 00:00:00",1,0,0,0,9
5076,"GJ786BR",0,0,75,4,"12/23/23 00:00:00",1,0,0,0,9
5077,"GJ787BR",0,0,75,4,"12/23/23 00:00:00",1,0,0,0,9
5078,"GJ788BR",0,0,75,4,"12/23/23 00:00:00",1,0,0,0,9
5079,"GJ789BR",0,0,75,4,"12/23/23 00:00:00",1,0,0,0,9
5080,"GJ790BR",0,0,75,4,"12/23/23 00:00:00",1,0,0,0,9
5081,"GJ791BR",0,0,75,4,"12/23/23 00:00:00",1,0,0,0,9
5082,"GJ792BR",0,0,75,4,"12/23/23 00:00:00",1,0,0,0,9
5083,"GJ793BR",0,0,75,4,"12/23/23 00:00:00",1,0,0,0,9
5084,"GJ794BR",0,0,75,4,"12/23/23 00:00:00",1,0,0,0,9
5085,"GJ795BR",0,0,75,4,"12/23/23 00:00:00",1,0,0,0,9
5086,"GJ796BR",0,0,75,4,"12/23/23 00:00:00",1,0,0,0,9
5087,"GJ797BR",0,0,75,4,"12/23/23 00:00:00",1,0,0,0,9
5088,"GJ798BR",0,0,75,4,"12/23/23 00:00:00",1,0,0,0,9
5089,"GJ799BR",0,0,75,4,"12/23/23 00:00:00",1,0,0,0,9
5069,"GP010CP",0,0,16,4,"12/31/23 00:00:00",1,0,0,0,9
5090,"GP334XZ",0,0,2,4,"11/30/23 00:00:00",1,0,0,0,9
5099,"GP893XZ",0,0,75,4,"11/30/23 00:00:00",1,0,0,0,9
5100,"GP894XZ",0,0,75,4,"11/30/23 00:00:00",1,0,0,0,9
5101,"FA60411",0,0,41,12,"08/31/24 00:00:00",1,0,0,0,9
5102,"GP361XZ",0,0,19,12,"11/30/23 00:00:00",1,0,0,0,9
5104,"FL216XD",0,0,14,4,"09/30/24 00:00:00",1,0,0,0,9
5105,"FG902PR",0,0,14,4,"12/31/23 00:00:00",1,0,0,0,9
5106,"GA133VZ",0,0,14,4,"02/28/24 00:00:00",1,0,0,0,9
5107,"FL998KK",0,0,14,4,"02/28/24 00:00:00",1,0,0,0,9
5108,"XA916RG",0,0,46,12,"12/31/23 00:00:00",1,0,0,0,9
5109,"GP404XZ",0,0,4,4,"12/31/23 00:00:00",1,0,0,0,9
5110,"GP403XZ",0,0,4,4,"12/31/23 00:00:00",1,0,0,0,9
5111,"GP399XZ",0,0,4,4,"12/31/23 00:00:00",1,0,0,0,9
5112,"GP401XZ",0,0,85,4,"12/31/23 00:00:00",1,0,0,0,9
5113,"GP400XZ",0,0,85,4,"12/31/23 00:00:00",1,0,0,0,9
5116,"GP402XZ",0,0,97,12,"12/31/23 00:00:00",1,0,0,0,9
5119,"FT788GP",0,0,83,12,"12/31/23 00:00:00",1,0,0,0,9
5121,"GP416XZ",0,0,89,12,"12/31/23 00:00:00",1,0,0,0,9
5122,"GP418XZ",0,0,89,12,"12/31/23 00:00:00",1,0,0,0,9
5123,"GS037GE",0,0,77,12,"12/31/23 00:00:00",1,0,0,0,9
5127,"GN078PS",0,0,127,12,"03/31/24 00:00:00",1,0,0,0,9
5128,"GP312XW",0,0,127,12,"09/30/23 00:00:00",1,0,0,0,9
5130,"GS477GD",0,0,84,12,"12/31/23 00:00:00",1,0,0,0,9
5131,"GP439XZ",0,0,85,4,"12/31/23 00:00:00",1,0,0,0,9
5134,"GR794HS",0,0,1,12,"12/31/23 00:00:00",1,0,0,0,9
5135,"GP457XZ",0,0,14,4,"01/31/24 00:00:00",1,0,0,0,9
5136,"GP463XZ",0,0,83,4,"01/31/24 00:00:00",1,0,0,0,9
5137,"GP076XZ",0,0,35,12,"09/30/24 00:00:00",1,0,0,0,9
5138,"GP075XZ",0,0,35,12,"09/30/24 00:00:00",1,0,0,0,9
5139,"EP210VB",0,0,35,12,"12/31/24 00:00:00",1,0,0,0,9
5141,"GP467XZ",0,0,41,4,"01/31/24 00:00:00",1,0,0,0,9
5142,"GP466XZ",0,0,41,4,"01/31/24 00:00:00",1,0,0,0,9
5143,"GP465XZ",0,0,41,4,"01/31/24 00:00:00",1,0,0,0,9
5144,"GP468XZ",0,0,14,4,"01/31/24 00:00:00",1,0,0,0,9
5146,"GM430AS",0,0,84,12,"01/31/24 00:00:00",1,0,0,0,9
5149,"FM073CR",0,0,129,4,"01/31/24 00:00:00",1,0,0,0,9
5150,"GS969AG",0,0,84,12,"01/31/24 00:00:00",1,0,0,0,9
5151,"GP473XZ",0,0,127,12,"01/31/24 00:00:00",1,0,0,0,9
5152,"GP472XZ",0,0,127,12,"01/31/24 00:00:00",1,0,0,0,9
5154,"FT909GZ",0,0,115,12,"01/31/24 00:00:00",1,0,0,0,9
5155,"GP471XZ",0,0,26,12,"01/31/24 00:00:00",1,0,0,0,9
5156,"GM431AS",0,0,84,12,"01/31/24 00:00:00",1,0,0,0,9
5157,"GP492XZ",0,0,14,4,"01/31/24 00:00:00",1,0,0,0,9
5158,"GP490XZ",0,0,132,4,"01/31/24 00:00:00",1,0,0,0,9
5160,"GT555FP",0,0,75,12,"12/31/23 00:00:00",1,0,0,0,9
5161,"GS001GJ",0,0,14,4,"01/31/24 00:00:00",1,0,0,0,9
5162,"GS000GJ",0,0,14,4,"01/31/24 00:00:00",1,0,0,0,9
5163,"GG108YX",0,0,14,4,"05/31/24 00:00:00",1,0,0,0,9
5164,"GL834GX",0,0,17,12,"04/30/24 00:00:00",1,0,0,0,9
5166,"GP318XZ",0,0,17,4,"03/31/24 00:00:00",1,0,0,0,9
5167,"GP614CL",0,0,17,12,"04/30/24 00:00:00",1,0,0,0,9
5168,"GS023GJ",0,0,127,12,"01/31/24 00:00:00",1,0,0,0,9
5169,"AL596FA",0,0,132,4,"04/30/24 00:00:00",1,0,0,0,9
5170,"FL730BL",0,0,59,4,"11/30/23 00:00:00",1,0,0,0,9
5171,"FZ658TR",0,0,59,12,"12/31/24 00:00:00",1,0,0,0,9
5172,"FJ668TM",0,0,127,12,"05/31/24 00:00:00",1,0,0,0,9
5174,"GS060GJ",0,0,96,12,"02/29/24 00:00:00",1,0,0,0,9
5175,"GF630JK",0,0,110,12,"09/30/24 00:00:00",1,0,0,0,9
5176,"FM824BL",0,0,110,12,"05/31/24 00:00:00",1,0,0,0,9
5179,"AW821PZ",0,0,127,12,"05/31/24 00:00:00",1,0,0,0,9
5180,"FG228MD",0,0,70,4,"03/31/24 00:00:00",1,0,0,0,9
5181,"GS063GJ",0,0,2,4,"02/29/24 00:00:00",1,0,0,0,9
5182,"GS065GJ",0,0,14,4,"02/29/24 00:00:00",1,0,0,0,9
5183,"GS071GJ",0,0,89,12,"02/29/24 00:00:00",1,0,0,0,9
5184,"GH116MB",0,0,19,12,"07/31/24 00:00:00",1,0,0,0,9
5187,"GD195FY",0,0,84,12,"11/30/24 00:00:00",1,0,0,0,9
5188,"EP569BC",0,0,84,12,"03/31/24 00:00:00",1,0,0,0,9
5189,"FV912DG",0,0,84,12,"09/30/24 00:00:00",1,0,0,0,9
5190,"GS509GH",0,0,97,12,"02/29/24 00:00:00",1,0,0,0,9
5191,"CM473PF",0,0,84,4,"02/29/24 00:00:00",1,0,0,0,9
5192,"GS093GJ",0,0,14,4,"02/29/24 00:00:00",1,0,0,0,9
5193,"M0PANA20",0,0,123,12,"12/31/24 00:00:00",1,0,0,0,9
5194,"GS937AN",0,0,84,12,"02/29/24 00:00:00",1,0,0,0,9
5195,"GS938AN",0,0,84,12,"02/29/24 00:00:00",1,0,0,0,9
5196,"GS673GH",0,0,84,12,"02/29/24 00:00:00",1,0,0,0,9
5197,"GP297XV",0,0,90,12,"09/30/24 00:00:00",1,0,0,0,9
5198,"GB884NF",0,0,115,12,"09/30/24 00:00:00",1,0,0,0,9
5199,"GS400GH",0,0,4,12,"01/31/24 00:00:00",1,0,0,0,9
5200,"GT267KD",0,0,75,12,"02/29/24 00:00:00",1,0,0,0,9
5201,"GS555GH",0,0,75,12,"02/29/24 00:00:00",1,0,0,0,9
5202,"DR733ZB",0,0,133,4,"06/30/24 00:00:00",1,0,0,0,9
5203,"EB748RC",0,0,133,4,"03/31/24 00:00:00",1,0,0,0,9
5204,"EH328ED",0,0,133,4,"05/31/24 00:00:00",1,0,0,0,9
5205,"BZ419FP",0,0,133,12,"05/31/24 00:00:00",1,0,0,0,9
5206,"EW655FK",0,0,133,4,"05/31/24 00:00:00",1,0,0,0,9
5207,"FL769YG",0,0,133,4,"04/30/24 00:00:00",1,0,0,0,9
5208,"FN108WD",0,0,133,4,"03/31/24 00:00:00",1,0,0,0,9
5209,"FV682DG",0,0,133,4,"04/30/24 00:00:00",1,0,0,0,9
5210,"FV621DG",0,0,133,4,"04/30/24 00:00:00",1,0,0,0,9
5213,"GF077JK",0,0,133,4,"05/31/24 00:00:00",1,0,0,0,9
5215,"EF792NC",0,0,133,4,"03/31/24 00:00:00",1,0,0,0,9
5217,"EH737LV",0,0,133,12,"03/31/24 00:00:00",1,0,0,0,9
5218,"DP208YE",0,0,133,12,"04/30/24 00:00:00",1,0,0,0,9
5219,"EH082AS",0,0,133,12,"05/31/24 00:00:00",1,0,0,0,9
5220,"CX213GF",0,0,133,12,"01/31/25 00:00:00",1,0,0,0,9
5221,"CX215GF",0,0,133,12,"01/31/25 00:00:00",1,0,0,0,9
5222,"DJ072HZ",0,0,133,12,"04/30/24 00:00:00",1,0,0,0,9
5224,"FK987BT",0,0,133,12,"04/30/24 00:00:00",1,0,0,0,9
5225,"FP051TN",0,0,133,12,"04/30/24 00:00:00",1,0,0,0,9
5226,"CH374PD",0,0,133,12,"05/31/24 00:00:00",1,0,0,0,9
5228,"FA60660",6,0,133,12,"12/31/24 00:00:00",1,0,0,0,9
5229,"ET728HJ",0,0,133,4,"04/30/24 00:00:00",1,0,0,0,9
5230,"CN591438",0,0,133,12,"12/31/23 00:00:00",1,0,0,0,9
5231,"XA178RD",,0,133,12,"12/31/23 00:00:00",1,0,0,0,9
5232,"FP864RS",0,0,70,4,"08/31/24 00:00:00",1,0,0,0,9
5233,"GS126GJ",0,0,17,4,"02/29/24 00:00:00",1,0,0,0,9
5234,"GS127GJ",0,0,17,4,"02/29/24 00:00:00",1,0,0,0,9
5235,"GS128GJ",0,0,17,4,"02/24/24 00:00:00",1,0,0,0,9
5236,"GS129GJ",0,0,17,4,"02/24/24 00:00:00",1,0,0,0,9
5237,"GS130GJ",0,0,17,4,"02/24/24 00:00:00",1,0,0,0,9
5238,"GS131GJ",0,0,17,4,"02/24/24 00:00:00",1,0,0,0,9
5239,"GS132GJ",0,0,17,4,"02/24/24 00:00:00",1,0,0,0,9
5240,"GS133GJ",0,0,17,4,"02/24/24 00:00:00",1,0,0,0,9
5241,"GS136GJ",0,0,73,12,"02/29/24 00:00:00",1,0,0,0,9
5242,"GS137GJ",0,0,73,12,"02/29/24 00:00:00",1,0,0,0,9
5243,"FF929ER",0,0,70,4,"12/31/23 00:00:00",1,0,0,0,9
5244,"GT115MH",0,0,19,12,"02/29/24 00:00:00",1,0,0,0,9
5245,"GT114MH",0,0,19,12,"02/29/24 00:00:00",1,0,0,0,9
5246,"FF370XL",0,0,84,4,"03/31/24 00:00:00",1,0,0,0,9
5248,"GS166GJ",0,0,14,4,"03/31/24 00:00:00",1,0,0,0,9
5249,"FN871VW",0,0,127,12,"02/28/25 00:00:00",1,0,0,0,9
5250,"FC533KA",0,0,127,12,"07/31/24 00:00:00",1,0,0,0,9
5252,"FT614GL",0,0,127,12,"11/30/24 00:00:00",1,0,0,0,9
5253,"GG000MC",0,0,127,12,"11/30/24 00:00:00",1,0,0,0,9
5255,"FK026LN",0,0,127,12,"06/30/24 00:00:00",1,0,0,0,9
5256,"CS989HA",0,0,127,12,"10/31/24 00:00:00",1,0,0,0,9
5258,"ER808JA",0,0,127,12,"03/31/24 00:00:00",1,0,0,0,9
5259,"GS174GJ",0,0,70,4,"03/31/24 00:00:00",1,0,0,0,9
5260,"GS175GJ",0,0,70,4,"03/31/24 00:00:00",1,0,0,0,9
5261,"GT427KD",0,0,90,12,"03/31/24 00:00:00",1,0,0,0,9
5262,"GS196GJ",0,0,59,12,"03/31/24 00:00:00",1,0,0,0,9
5264,"FC885WF",0,0,75,12,"03/31/24 00:00:00",1,0,0,0,9
5265,"GS239GJ",0,0,77,4,"03/31/24 00:00:00",1,0,0,0,9
5266,"GS224GJ",0,0,78,4,"03/31/24 00:00:00",1,0,0,0,9
5267,"GS225GJ",0,0,78,4,"03/31/24 00:00:00",1,0,0,0,9
5268,"GS226GJ",0,0,78,4,"03/31/24 00:00:00",1,0,0,0,9
5271,"FJ302TJ",0,0,14,12,"03/31/24 00:00:00",1,0,0,0,9
5273,"GT720KC",0,0,87,12,"03/31/24 00:00:00",1,0,0,0,9
5276,"GS260GJ",0,0,78,4,"03/31/24 00:00:00",1,0,0,0,9
5278,"GP442CP",0,0,16,4,"07/31/24 00:00:00",1,0,0,0,9
5279,"GP441CP",0,0,16,4,"07/31/24 00:00:00",1,0,0,0,9
5282,"GS282GJ",0,0,14,4,"04/30/24 00:00:00",1,0,0,0,9
5283,"GS279GJ",0,0,16,4,"04/30/24 00:00:00",1,0,0,0,9
5284,"GS280GJ",0,0,16,4,"04/30/24 00:00:00",1,0,0,0,9
5285,"GS281GJ",0,0,16,4,"04/30/24 00:00:00",1,0,0,0,9
5288,"GA150BJ",0,0,133,4,"04/30/24 00:00:00",1,0,0,0,9
5289,"GS761GJ",0,0,84,4,"03/31/25 00:00:00",1,0,0,0,9
5290,"GS760GJ",0,0,84,4,"03/31/25 00:00:00",1,0,0,0,9
5292,"GS296GJ",0,0,90,12,"04/30/24 00:00:00",1,0,0,0,9
5293,"FR210TT",0,0,17,12,"05/31/23 00:00:00",1,0,0,0,9
5295,"GP009CP",0,0,16,4,"04/30/24 00:00:00",1,0,0,0,9
5297,"GP323CP",0,0,17,4,"06/30/23 00:00:00",1,0,0,0,9
5298,"GS329GJ",0,0,113,4,"04/30/24 00:00:00",1,0,0,0,9
5300,"GJ280BR",0,0,121,4,"06/30/24 00:00:00",1,0,0,0,9
5302,"GM781AR",0,0,83,12,"01/31/25 00:00:00",1,0,0,0,9
5303,"GT833KP",0,0,14,12,"04/30/24 00:00:00",1,0,0,0,9
5304,"FP537RS",0,0,54,4,"05/31/24 00:00:00",1,0,0,0,9
5305,"GS383GJ",0,0,54,12,"04/30/24 00:00:00",1,0,0,0,9
5306,"GS368GJ",0,0,19,12,"04/30/24 00:00:00",1,0,0,0,9
5307,"GS367GJ",0,0,19,12,"04/30/24 00:00:00",1,0,0,0,9
5308,"GS366GJ",0,0,19,12,"04/30/24 00:00:00",1,0,0,0,9
5309,"GS365GJ",0,0,19,12,"04/30/24 00:00:00",1,0,0,0,9
5310,"GS371GJ",0,0,97,12,"04/30/24 00:00:00",1,0,0,0,9
5313,"FC944FS",0,0,127,12,"12/31/24 00:00:00",1,0,0,0,9
5314,"GS707SX",0,0,41,12,"02/28/25 00:00:00",1,0,0,0,9
5317,"ZB263AV",0,0,134,12,"05/31/24 00:00:00",1,0,0,0,9
5318,"FN850SV",0,0,134,12,"07/31/24 00:00:00",1,0,0,0,9
5320,"FH145KG",0,0,134,12,"01/31/25 00:00:00",1,0,0,0,9
5321,"HB057MK",0,0,134,12,"06/30/24 00:00:00",1,0,0,0,9
5323,"ZA669MP",0,0,134,12,"06/30/24 00:00:00",1,0,0,0,9
5324,"FX477EY",0,0,134,12,"08/31/24 00:00:00",1,0,0,0,9
5327,"FT003GF",0,0,134,12,"09/30/24 00:00:00",1,0,0,0,9
5330,"FJ618BN",0,0,134,12,"03/31/25 00:00:00",1,0,0,0,9
5331,"GD565GX",0,0,134,12,"05/31/24 00:00:00",1,0,0,0,9
5332,"FP558RS",0,0,134,12,"05/31/24 00:00:00",1,0,0,0,9
5333,"FY970SH",0,0,134,12,"01/31/25 00:00:00",1,0,0,0,9
5334,"GC126EB",0,0,134,12,"11/30/24 00:00:00",1,0,0,0,9
5337,"GM650AS",0,0,134,12,"03/31/25 00:00:00",1,0,0,0,9
5339,"GA655BJ",0,0,134,12,"08/31/24 00:00:00",1,0,0,0,9
5340,"FP505RS",0,0,134,12,"05/31/24 00:00:00",1,0,0,0,9
5342,"GS549FH",0,0,134,12,"01/31/25 00:00:00",1,0,0,0,9
5343,"FY969SH",0,0,134,12,"01/31/25 00:00:00",1,0,0,0,9
5344,"FX424EY",0,0,134,12,"09/30/24 00:00:00",1,0,0,0,9
5346,"GL943RH",0,0,134,12,"01/31/25 00:00:00",1,0,0,0,9
5348,"GD566GX",0,0,134,12,"06/30/24 00:00:00",1,0,0,0,9
5349,"ZB725AC",0,0,134,12,"06/30/24 00:00:00",1,0,0,0,9
5351,"FX910FB",0,0,134,12,"10/31/24 00:00:00",1,0,0,0,9
5352,"GM117AS",0,0,134,12,"11/30/24 00:00:00",1,0,0,0,9
5353,"GJ615BR",0,0,134,12,"06/30/24 00:00:00",1,0,0,0,9
5354,"GP342CP",0,0,134,12,"06/30/24 00:00:00",1,0,0,0,9
5355,"FT033NS",0,0,134,4,"08/31/24 00:00:00",1,0,0,0,9
5356,"GJ745BR",0,0,134,4,"07/31/24 00:00:00",1,0,0,0,9
5357,"GN754AG",0,0,134,12,"05/31/24 00:00:00",1,0,0,0,9
5359,"GR298PX",0,0,134,12,"01/31/25 00:00:00",1,0,0,0,9
5360,"GC746HM",0,0,134,12,"08/31/24 00:00:00",1,0,0,0,9
5361,"FT939JG",0,0,134,12,"01/31/25 00:00:00",1,0,0,0,9
5362,"GA012SM",0,0,134,12,"06/30/24 00:00:00",1,0,0,0,9
5363,"FR574VZ",0,0,134,12,"06/30/24 00:00:00",1,0,0,0,9
5364,"GC969DF",0,0,134,12,"12/31/24 00:00:00",1,0,0,0,9
5365,"EX904WP",0,0,134,12,"11/30/24 00:00:00",1,0,0,0,9
5367,"GS813SC",0,0,134,12,"03/31/25 00:00:00",1,0,0,0,9
5368,"GS814SC",0,0,134,12,"03/31/25 00:00:00",1,0,0,0,9
5369,"GS812SC",0,0,134,12,"03/31/25 00:00:00",1,0,0,0,9
5370,"GS818SC",0,0,134,12,"03/31/25 00:00:00",1,0,0,0,9
5372,"GP844YF",0,0,134,12,"05/31/24 00:00:00",1,0,0,0,9
5381,"FK249DR",4,0,77,12,"04/30/25 00:00:00",1,0,0,0,9
5383,"GS428GJ",0,0,14,4,"05/31/24 00:00:00",1,0,0,0,9
5386,"GX481AE",0,0,4,12,"05/31/24 00:00:00",1,0,0,0,9
5387,"GS415GJ",0,0,128,12,"05/31/24 00:00:00",1,0,0,0,9
5388,"GJ567BZ",0,0,97,12,"04/30/24 00:00:00",1,0,0,0,9
5390,"GT574TM",0,0,100,12,"05/31/24 00:00:00",1,0,0,0,9
5391,"GT844TN",0,0,134,12,"05/31/24 00:00:00",1,0,0,0,9
5395,"GM444AS",0,0,84,4,"05/31/25 00:00:00",1,0,0,0,9
5396,"CS320CT",0,0,135,12,"02/28/25 00:00:00",1,0,0,0,9
5397,"FN553RL",0,0,135,12,"01/31/25 00:00:00",1,0,0,0,9
5398,"FN586GD",0,0,135,12,"10/31/24 00:00:00",1,0,0,0,9
5399,"BGA23138",0,0,135,12,"09/30/24 00:00:00",1,0,0,0,9
5400,"BE795BF",0,0,135,12,"05/31/24 00:00:00",1,0,0,0,9
5404,"GJ036BT",0,0,136,12,"05/30/24 00:00:00",1,0,0,0,9
5405,"EX959LF",0,0,136,12,"03/31/25 00:00:00",1,0,0,0,9
5408,"BP665ZK",0,0,136,12,"02/28/25 00:00:00",1,0,0,0,9
5409,"FJ79139",6,0,136,12,"04/30/25 00:00:00",1,0,0,0,9
5410,"FA382HB",0,0,136,12,"03/31/25 00:00:00",1,0,0,0,9
5411,"FS597LG",0,0,136,12,"01/31/25 00:00:00",1,0,0,0,9
5413,"GM066AL",0,0,136,12,"10/31/24 00:00:00",1,0,0,0,9
5414,"FC932KA",0,0,136,12,"02/28/25 00:00:00",1,0,0,0,9
5416,"DJ884ED",0,0,136,12,"04/30/25 00:00:00",1,0,0,0,9
5417,"GM295AR",0,0,136,12,"01/31/25 00:00:00",1,0,0,0,9
5421,"GM816RV",0,0,136,12,"03/31/25 00:00:00",1,0,0,0,9
5422,"FL648ET",0,0,136,12,"05/31/24 00:00:00",1,0,0,0,9
5424,"GL002DR",0,0,78,4,"07/31/24 00:00:00",1,0,0,0,9
5425,"GS190ZB",0,0,70,12,"03/31/25 00:00:00",1,0,0,0,9
5426,"DK433SC",0,0,82,4,"05/31/24 00:00:00",1,0,0,0,9
5427,"FM128CR",0,0,59,4,"01/31/24 00:00:00",1,0,0,0,9
5430,"GM936AS",0,0,73,12,"04/30/25 00:00:00",1,0,0,0,9
5431,"GM937AS",0,0,73,12,"04/30/25 00:00:00",1,0,0,0,9
5432,"GM938AS",0,0,73,12,"04/30/25 00:00:00",1,0,0,0,9
5433,"GT553KJ",0,0,84,12,"05/31/24 00:00:00",1,0,0,0,9
5434,"CR843TW",0,0,113,12,"01/31/25 00:00:00",1,0,0,0,9
5435,"EN658AL",0,0,113,12,"01/31/25 00:00:00",1,0,0,0,9
5436,"GS884GJ",0,0,121,4,"01/31/25 00:00:00",1,0,0,0,9
5437,"GW612BG",0,0,109,12,"05/31/24 00:00:00",1,0,0,0,9
5438,"GW609BG",0,0,75,4,"05/31/24 00:00:00",1,0,0,0,9
5439,"GW610BG",0,0,75,4,"05/31/24 00:00:00",1,0,0,0,9
5440,"GW611BG",0,0,75,4,"05/31/24 00:00:00",1,0,0,0,9
5442,"FX674JW",0,0,14,4,"05/31/24 00:00:00",1,0,0,0,9
5443,"GA130BJ",0,0,79,4,"12/31/21 00:00:00",1,0,0,0,9
5444,"GW614BG",0,0,115,12,"05/31/24 00:00:00",1,0,0,0,9
5445,"GW615BG",0,0,115,12,"05/31/24 00:00:00",1,0,0,0,9
5446,"GW616BG",0,0,115,12,"05/31/24 00:00:00",1,0,0,0,9
5447,"GW617BG",0,0,115,12,"05/31/24 00:00:00",1,0,0,0,9
5453,"EB661RC",0,0,89,12,"06/30/24 00:00:00",1,0,0,0,9
5455,"GW932AZ",0,0,90,12,"06/30/24 00:00:00",1,0,0,0,9
5456,"GW241BA",0,0,89,12,"06/30/24 00:00:00",1,0,0,0,9
5457,"GV401DP",0,0,84,12,"06/30/24 00:00:00",1,0,0,0,9
5458,"GW710BG",0,0,77,4,"06/30/24 00:00:00",1,0,0,0,9
5459,"GW552BB",0,0,115,12,"06/30/24 00:00:00",1,0,0,0,9
5460,"GW553BB",0,0,115,12,"06/30/24 00:00:00",1,0,0,0,9
5461,"GT608MZ",0,0,30,4,"05/31/24 00:00:00",1,0,0,0,9
5463,"FW640TM",0,0,87,12,"05/31/24 00:00:00",1,0,0,0,9
5464,"GW727BG",0,0,89,12,"06/30/24 00:00:00",1,0,0,0,9
5465,"GV535EC",0,0,115,12,"05/31/24 00:00:00",1,0,0,0,9
5466,"DZ89380",6,0,77,12,"12/31/24 00:00:00",1,0,0,0,9
5467,"GW555BB",0,0,84,12,"06/30/24 00:00:00",1,0,0,0,9
5468,"GW554BB",0,0,84,12,"06/30/24 00:00:00",1,0,0,0,9
5470,"GW726BG",0,0,73,12,"06/30/24 00:00:00",1,0,0,0,9
5471,"GP358CP",0,0,110,12,"06/30/24 00:00:00",1,0,0,0,9
5473,"GW038KM",0,0,115,12,"06/30/24 00:00:00",1,0,0,0,9
5474,"GW039KM",0,0,115,12,"06/30/24 00:00:00",1,0,0,0,9
5475,"FP750TV",0,0,82,4,"09/30/24 00:00:00",1,0,0,0,9
5476,"GW783BG",0,0,16,4,"07/31/24 00:00:00",1,0,0,0,9
5477,"GW784BG",0,0,16,4,"07/31/24 00:00:00",1,0,0,0,9
5478,"GW785BG",0,0,16,4,"07/31/24 00:00:00",1,0,0,0,9
5479,"GW769BG",0,0,82,4,"07/31/24 00:00:00",1,0,0,0,9
5480,"GW768BG",0,0,82,4,"07/31/24 00:00:00",1,0,0,0,9
5481,"GW789BG",0,0,77,4,"07/31/24 00:00:00",1,0,0,0,9
5482,"GR145BM",0,0,84,12,"07/31/24 00:00:00",1,0,0,0,9
5483,"FX667JW",0,0,14,4,"09/30/24 00:00:00",1,0,0,0,9
5484,"FX666JW",0,0,14,4,"09/30/24 00:00:00",1,0,0,0,9
5486,"FY640HP",0,0,14,4,"07/31/24 00:00:00",1,0,0,0,9
5487,"GW320BD",0,0,84,12,"07/31/24 00:00:00",1,0,0,0,9
5488,"GW809BG",0,0,16,4,"07/31/24 00:00:00",1,0,0,0,9
5490,"GW837BG",0,0,77,4,"07/31/24 00:00:00",1,0,0,0,9
5491,"GP279XZ",0,0,111,4,"10/31/24 00:00:00",1,0,0,0,9
5492,"GP280XZ",0,0,111,4,"10/31/24 00:00:00",1,0,0,0,9
5493,"FP939RS",0,0,92,4,"09/30/24 00:00:00",1,0,0,0,9
5495,"FT199GF",9,0,459,12,"05/30/25 00:00:00",1,0,4,0,9
5497,"GF754JK",9,0,459,12,"10/31/24 00:00:00",1,0,4,0,9
5498,"GM485AS",9,0,459,12,"02/28/25 00:00:00",1,0,0,0,9
5499,"GS469GJ",9,0,459,12,"05/31/25 00:00:00",1,0,0,0,9
5500,"GJ110BR",1,0,459,12,"05/31/25 00:00:00",1,0,0,0,9
5501,"FN654WD",1,0,459,12,"10/31/24 00:00:00",1,0,0,0,9
5508,"GV560WX",0,0,83,12,"07/31/24 00:00:00",1,0,0,0,9
5509,"GK511EN",0,0,121,4,"05/31/24 00:00:00",1,0,0,0,9
5510,"GP930CP,",5,0,137,12,"09/30/24 00:00:00",1,0,0,0,9
5511,"CW820AM,",5,0,137,12,"05/31/25 00:00:00",1,0,0,0,9
5512,"GF463JK,",5,0,137,12,"08/31/24 00:00:00",1,0,0,0,9
5496,"GC257RN",9,0,459,12,"12/31/24 00:00:00",1,0,4,0,9
5513,"GS196GJ,",5,0,137,12,"03/31/25 00:00:00",1,0,0,0,9
5514,"AW532PY,",5,0,137,12,"01/31/25 00:00:00",1,0,0,0,9
5515,"EC864YZ,",5,0,137,12,"11/30/24 00:00:00",1,0,0,0,9
5516,"GP191XZ,",2,0,137,4,"10/31/24 00:00:00",1,0,0,0,9
5517,"GC860RN,",2,0,137,4,"11/30/24 00:00:00",1,0,0,0,9
5518,"GP192XZ,",2,0,137,4,"10/31/24 00:00:00",1,0,0,0,9
5519,"GC716RN,",2,0,137,4,"10/31/24 00:00:00",1,0,0,0,9
5520,"ET004HJ,",2,0,137,4,"09/30/24 00:00:00",1,0,0,0,9
5522,"GP064XZ,",1,0,137,4,"09/30/24 00:00:00",1,0,0,0,9
5523,"GC718RN,",1,0,137,4,"10/31/24 00:00:00",1,0,0,0,9
5524,"GF963JK,",1,0,137,4,"08/31/24 00:00:00",1,0,0,0,9
5525,"GP065XZ,",1,0,137,4,"09/30/24 00:00:00",1,0,0,0,9
5527,"FM128CR,",1,0,137,4,"01/31/25 00:00:00",1,0,0,0,9
5528,"GF964JK,",1,0,137,4,"08/31/24 00:00:00",1,0,0,0,9
5529,"GF965JK,",1,0,137,4,"08/31/24 00:00:00",1,0,0,0,9
5530,"FM014PM,",1,0,137,4,"10/31/24 00:00:00",1,0,0,0,9
5531,"GP063XZ,",1,0,137,4,"09/30/24 00:00:00",1,0,0,0,9
5532,"FL730BL,",1,0,137,4,"11/30/24 00:00:00",1,0,0,0,9
5533,"FN208FK,",1,0,137,4,"10/31/24 00:00:00",1,0,0,0,9
5534,"FN121WD,",1,0,137,4,"11/30/24 00:00:00",1,0,0,0,9
5535,"GJ638BR,",1,0,137,4,"10/31/24 00:00:00",1,0,0,0,9
5536,"GP066XZ,",1,0,137,4,"09/30/24 00:00:00",1,0,0,0,9
5537,"FE158CB,",4,0,137,12,"05/31/25 00:00:00",1,0,0,0,9
5538,"FH591LA,",4,0,137,12,"01/31/25 00:00:00",1,0,0,0,9
5539,"FZ658TR,",4,0,137,12,"12/31/24 00:00:00",1,0,0,0,9
5541,"GC257RN,",9,0,138,12,"12/31/24 00:00:00",1,0,0,0,9
5543,"GM485AS,",9,0,138,12,"02/28/25 00:00:00",1,0,0,0,9
5544,"GS469GJ,",9,0,138,12,"05/31/25 00:00:00",1,0,0,0,9
5546,"FN654WD,",1,0,138,12,"10/31/24 00:00:00",1,0,0,0,9
5547,"GW507BC",0,0,84,12,"08/31/24 00:00:00",1,0,0,0,9
5548,"GP067YY",0,0,16,12,"06/30/24 00:00:00",1,0,0,0,9
5551,"GW890BG",0,0,82,4,"08/31/24 00:00:00",1,0,0,0,9
5552,"FB192TC",4,0,86,12,"10/31/24 00:00:00",1,0,0,0,9
5556,"GP452CP",0,0,73,12,"11/30/24 00:00:00",1,0,0,0,9
5558,"GX515AE",0,0,97,12,"08/31/24 00:00:00",1,0,0,0,9
5560,"ZB289BE",0,0,115,12,"08/31/24 00:00:00",1,0,0,0,9
5564,"GX519AE",0,0,16,4,"08/31/24 00:00:00",1,0,0,0,9
5565,"GR400HV",0,0,84,12,"09/30/24 00:00:00",1,0,0,0,9
5566,"GR198HV",0,0,84,12,"09/30/24 00:00:00",1,0,0,0,9
5567,"GR199HV",0,0,84,12,"09/30/24 00:00:00",1,0,0,0,9
5568,"GS895GJ",0,0,84,4,"09/30/24 00:00:00",1,0,0,0,9
5569,"GS894GJ",0,0,84,4,"09/30/24 00:00:00",1,0,0,0,9
5570,"FY003HB",0,0,100,12,"06/30/25 00:00:00",1,0,0,0,9
5571,"DZ412RC",0,0,104,12,"01/31/25 00:00:00",1,0,0,0,9
5572,"GV133DW",0,0,104,4,"09/30/24 00:00:00",1,0,0,0,9
5574,"FF295EB",0,0,134,12,"06/30/25 00:00:00",1,0,0,0,9
5575,"GS344GJ",0,0,2,4,"08/31/24 00:00:00",1,0,0,0,9
5579,"GW677BG",0,0,86,4,"09/30/24 00:00:00",1,0,0,0,9
5580,"GX571AE",0,0,77,4,"09/30/24 00:00:00",1,0,0,0,9
5581,"GV188SJ",0,0,110,12,"08/31/24 00:00:00",1,0,0,0,9
5582,"GV190SJ",0,0,110,12,"09/30/24 00:00:00",1,0,0,0,9
5583,"GX590AE",0,0,17,4,"09/30/24 00:00:00",1,0,0,0,9
5584,"GX591AE",0,0,17,4,"09/30/24 00:00:00",1,0,0,0,9
5585,"GX592AE",0,0,17,4,"09/30/24 00:00:00",1,0,0,0,9
5586,"GX593AE",0,0,17,4,"09/30/24 00:00:00",1,0,0,0,9
5588,"FX782TM",0,0,132,4,"04/30/25 00:00:00",1,0,0,0,9
5590,"GX619AE",0,0,110,12,"09/30/24 00:00:00",1,0,0,0,9
5591,"GX627AE",0,0,1,4,"09/30/24 00:00:00",1,0,0,0,9
5592,"GX628AE",0,0,1,4,"09/30/24 00:00:00",1,0,0,0,9
5593,"FL984NL",0,0,14,4,"10/31/24 00:00:00",1,0,0,0,9
5594,"GW847BG",0,0,16,4,"08/31/24 00:00:00",1,0,0,0,9
5596,"GW639BE",0,0,84,12,"10/31/24 00:00:00",1,0,0,0,9
5597,"GW638BE",0,0,84,12,"10/31/24 00:00:00",1,0,0,0,9
5601,"GX673AE",0,0,115,12,"10/31/24 00:00:00",1,0,0,0,9
5603,"GV035WF",0,0,14,4,"09/30/24 00:00:00",1,0,0,0,9
5604,"GV030WF",0,0,14,4,"09/30/24 00:00:00",1,0,0,0,9
5605,"GW680ZY",0,0,136,12,"09/30/24 00:00:00",1,0,0,0,9
5608,"DA441NZ",0,0,132,4,"01/31/25 00:00:00",1,0,0,0,9
5609,"GR927HV",0,0,84,12,"10/31/24 00:00:00",1,0,0,0,9
5610,"GR928HV",0,0,84,12,"10/24/24 00:00:00",1,0,0,0,9
5611,"GR929HV",0,0,84,12,"10/24/24 00:00:00",1,0,0,0,9
5612,"GR930HV",0,0,84,12,"10/24/24 00:00:00",1,0,0,0,9
5613,"GR931HV",0,0,84,12,"10/24/24 00:00:00",1,0,0,0,9
5614,"GW670BG",0,0,84,4,"10/31/24 00:00:00",1,0,0,0,9
5616,"GF267JK",0,0,35,12,"06/30/25 00:00:00",1,0,0,0,9
5618,"GE323BV",0,0,14,4,"11/30/24 00:00:00",1,0,0,0,9
5619,"GS573GH",0,0,113,12,"02/29/24 00:00:00",1,0,0,0,9
5620,"GW551ZZ",0,0,84,12,"10/31/24 00:00:00",1,0,0,0,9
5621,"GX696AE",0,0,83,4,"10/31/24 00:00:00",1,0,0,0,9
5622,"GX697AE",0,0,83,4,"10/24/24 00:00:00",1,0,0,0,9
5623,"GX698AE",0,0,83,4,"10/24/24 00:00:00",1,0,0,0,9
5624,"GX699AE",0,0,83,4,"10/24/24 00:00:00",1,0,0,0,9
5625,"GX708AE",0,0,83,4,"10/24/24 00:00:00",1,0,0,0,9
5626,"GX709AE",0,0,83,4,"10/24/24 00:00:00",1,0,0,0,9
5627,"GW287ZZ",0,0,83,12,"10/31/24 00:00:00",1,0,0,0,9
5628,"GK196LV",0,0,46,12,"08/31/24 00:00:00",1,0,0,0,9
5629,"GF754JK,",9,0,138,12,"10/31/24 00:00:00",1,0,0,0,9
5632,"GX725AE",0,0,77,4,"11/30/24 00:00:00",1,0,0,0,9
5633,"GX721AE",0,0,83,4,"11/30/24 00:00:00",1,0,0,0,9
5634,"GH804LW",0,0,109,12,"11/30/24 00:00:00",1,0,0,0,9
5636,"GX741AE",0,0,89,12,"11/30/24 00:00:00",1,0,0,0,9
5637,"GX737AE",0,0,89,12,"11/24/24 00:00:00",1,0,0,0,9
5638,"GX736AE",0,0,89,12,"11/24/24 00:00:00",1,0,0,0,9
5639,"GX735AE",0,0,89,12,"11/24/24 00:00:00",1,0,0,0,9
5640,"GX734AE",0,0,89,12,"11/24/24 00:00:00",1,0,0,0,9
5641,"GX733AE",0,0,89,12,"11/24/24 00:00:00",1,0,0,0,9
5642,"GX747AE",0,0,75,4,"11/30/24 00:00:00",1,0,0,0,9
5643,"GX748AE",0,0,75,4,"11/24/24 00:00:00",1,0,0,0,9
5644,"GX749AE",0,0,75,4,"11/24/24 00:00:00",1,0,0,0,9
5645,"GX750AE",0,0,75,4,"11/24/24 00:00:00",1,0,0,0,9
5646,"GX751AE",0,0,75,4,"11/24/24 00:00:00",1,0,0,0,9
5647,"GX752AE",0,0,75,4,"11/24/24 00:00:00",1,0,0,0,9
5648,"GX753AE",0,0,75,4,"11/24/24 00:00:00",1,0,0,0,9
5649,"GX754AE",0,0,75,4,"11/24/24 00:00:00",1,0,0,0,9
5650,"GX755AE",0,0,75,4,"11/24/24 00:00:00",1,0,0,0,9
5651,"GX756AE",0,0,75,4,"11/24/24 00:00:00",1,0,0,0,9
5652,"GX758AE",0,0,89,12,"11/30/24 00:00:00",1,0,0,0,9
5655,"GE382MF",0,0,140,4,"04/30/25 00:00:00",1,0,0,0,9
5656,"GY701DV",0,0,140,4,"02/28/25 00:00:00",1,0,0,0,9
5659,"FL797JA",0,0,140,4,"02/28/25 00:00:00",1,0,0,0,9
5660,"GK166SF",0,0,140,4,"01/31/25 00:00:00",1,0,0,0,9
5661,"DW206RV",0,0,140,4,"11/30/24 00:00:00",1,0,0,0,9
5662,"FT451GF",0,0,140,4,"12/31/24 00:00:00",1,0,0,0,9
5663,"GM567AS",0,0,140,4,"11/30/24 00:00:00",1,0,0,0,9
5665,"FM868ZM",0,0,141,4,"01/31/25 00:00:00",1,0,0,0,9
5666,"GJ463BR",0,0,141,4,"12/31/24 00:00:00",1,0,0,0,9
5667,"GP253CP",0,0,141,4,"02/28/25 00:00:00",1,0,0,0,9
5668,"GR799HV",0,0,141,4,"02/28/25 00:00:00",1,0,0,0,9
5669,"FF605FA",0,0,141,12,"07/31/25 00:00:00",1,0,0,0,9
5670,"GA349BJ",0,0,141,4,"01/31/25 00:00:00",1,0,0,0,9
5671,"GM278AS",0,0,141,4,"01/31/25 00:00:00",1,0,0,0,9
5672,"GP612CL",0,0,141,12,"07/31/25 00:00:00",1,0,0,0,9
5673,"GC917RN",0,,142,4,"12/31/24 00:00:00",1,0,0,0,9
5676,"GX774AE",0,0,77,4,"11/30/24 00:00:00",1,0,0,0,9
5677,"GX779AE",0,0,16,4,"11/30/24 00:00:00",1,0,0,0,9
5678,"GX780AE",0,0,16,4,"11/24/24 00:00:00",1,0,0,0,9
5679,"GX781AE",0,0,16,4,"11/24/24 00:00:00",1,0,0,0,9
5680,"GX782AE",0,0,16,4,"11/24/24 00:00:00",1,0,0,0,9
5682,"GP552XW",4,0,138,12,"09/30/25 00:00:00",1,0,0,0,9
5683,"GP819EZ",0,0,119,4,"12/31/24 00:00:00",1,0,0,0,9
5684,"GX785AE",0,0,16,4,"11/30/24 00:00:00",1,0,0,0,9
5685,"EJ775HH",0,0,119,12,"06/30/25 00:00:00",1,0,0,0,9
5686,"GN652EC",0,0,1,12,"04/30/25 00:00:00",1,0,0,0,9
5688,"GX102AB-",0,0,83,12,"10/31/24 00:00:00",1,0,0,0,9
5689,"ZA139TR",0,0,19,12,"10/31/25 00:00:00",1,0,0,0,9
5690,"GX811AE",0,0,101,4,"11/24/31 00:00:00",1,0,0,0,9
5691,"GX812AE",0,0,101,4,"11/24/31 00:00:00",1,0,0,0,9
5692,"GX595AB",0,0,77,12,"11/30/24 00:00:00",1,0,0,0,9
5693,"GX596AB",0,0,77,12,"11/30/24 00:00:00",1,0,0,0,9
5694,"GX015TW",0,0,84,12,"12/31/24 00:00:00",1,0,0,0,9
5695,"GW379BB",0,0,129,12,"06/30/24 00:00:00",1,0,0,0,9
5700,"BGB22734,,",4,0,137,12,"12/31/24 00:00:00",1,0,0,0,9
5701,"GX262AD",0,0,92,4,"12/31/24 00:00:00",1,0,0,0,9
5702,"GS833GE",0,0,127,12,"12/31/24 00:00:00",1,0,0,0,9
5703,"GX845AE",0,0,129,4,"12/31/24 00:00:00",1,0,0,0,9
5704,"GX842AE",0,0,2,4,"12/31/24 00:00:00",1,0,0,0,9
5705,"GX841AE",0,0,2,4,"12/31/24 00:00:00",1,0,0,0,9
5707,"DR783GR",0,0,109,12,"08/31/25 00:00:00",1,0,0,0,9
5708,"GX900AE",0,0,97,12,"12/31/24 00:00:00",1,0,0,0,9
5709,"FN344WD",0,0,17,4,"12/31/24 00:00:00",1,0,0,0,9
5711,"GX854AE",0,0,80,12,"12/31/24 00:00:00",1,0,0,0,9
5712,"GX924AE",0,0,113,4,"12/31/24 00:00:00",1,0,0,0,9
5713,"GX922AE",0,0,113,4,"12/31/24 00:00:00",1,0,0,0,9
5714,"GX561BN",0,0,30,4,"12/31/24 00:00:00",1,0,0,0,9
5715,"FW351VH",0,0,44,12,"04/30/25 00:00:00",1,0,0,0,9
5716,"GX928AE",0,0,104,4,"12/31/24 00:00:00",1,0,0,0,9
5717,"GS012GJ",0,0,133,4,"01/31/25 00:00:00",1,0,0,0,9
5718,"GS013GJ",0,0,133,4,"01/31/25 00:00:00",1,0,0,0,9
5720,"ET339HK",0,0,4,12,"09/30/25 00:00:00",1,0,0,0,9
5721,"GX945AE",0,0,89,12,"12/31/24 00:00:00",1,0,0,0,9
5722,"GX946AE",0,0,89,12,"12/31/24 00:00:00",1,0,0,0,9
5723,"GX947AE",0,0,89,12,"12/31/24 00:00:00",1,0,0,0,9
5724,"GX855AE",0,0,75,4,"12/31/24 00:00:00",1,0,0,0,9
5725,"GX856AE",0,0,75,4,"12/31/24 00:00:00",1,0,0,0,9
5726,"GX857AE",0,0,75,4,"12/31/24 00:00:00",1,0,0,0,9
5727,"GX858AE",0,0,75,4,"12/31/24 00:00:00",1,0,0,0,9
5728,"GX859AE",0,0,75,4,"12/31/24 00:00:00",1,0,0,0,9
5729,"GX860AE",0,0,75,4,"12/21/24 00:00:00",1,0,0,0,9
5730,"GX861AE",0,0,75,4,"12/31/24 00:00:00",1,0,0,0,9
5731,"GX862AE",0,0,75,4,"12/31/24 00:00:00",1,0,0,0,9
5732,"GX863AE",0,0,75,4,"12/31/24 00:00:00",1,0,0,0,9
5733,"GX864AE",0,0,75,4,"12/31/24 00:00:00",1,0,0,0,9
5734,"GX865AE",0,0,75,4,"12/31/24 00:00:00",1,0,0,0,9
5735,"GX866AE",0,0,75,4,"12/31/24 00:00:00",1,0,0,0,9
5736,"GX867AE",0,0,75,4,"12/31/24 00:00:00",1,0,0,0,9
5737,"GX868AE",0,0,75,4,"12/31/24 00:00:00",1,0,0,0,9
5738,"GX869AE",0,0,75,4,"12/31/24 00:00:00",1,0,0,0,9
5739,"GX870AE",0,0,75,4,"12/31/24 00:00:00",1,0,0,0,9
5740,"GX871AE",0,0,75,4,"12/31/24 00:00:00",1,0,0,0,9
5741,"GX872AE",0,0,75,4,"12/31/24 00:00:00",1,0,0,0,9
5742,"GX873AE",0,0,75,4,"12/31/24 00:00:00",1,0,0,0,9
5743,"GX874AE",0,0,75,4,"12/31/24 00:00:00",1,0,0,0,9
5744,"GX875AE",0,0,75,4,"12/31/24 00:00:00",1,0,0,0,9
5745,"GX876AE",0,0,75,4,"12/31/24 00:00:00",1,0,0,0,9
5746,"GX877AE",0,0,75,4,"12/31/24 00:00:00",1,0,0,0,9
5747,"GX878AE",0,0,75,4,"12/31/24 00:00:00",1,0,0,0,9
5748,"GX879AE",0,0,75,4,"12/31/24 00:00:00",1,0,0,0,9
5749,"GX880AE",0,0,75,4,"12/31/24 00:00:00",1,0,0,0,9
5750,"GX881AE",0,0,75,4,"12/31/24 00:00:00",1,0,0,0,9
5751,"GX882AE",0,0,75,4,"12/31/24 00:00:00",1,0,0,0,9
5752,"GX883AE",0,0,75,4,"12/31/24 00:00:00",1,0,0,0,9
5753,"GX884AE",0,0,75,4,"12/31/24 00:00:00",1,0,0,0,9
5754,"GX885AE",0,0,75,4,"12/31/24 00:00:00",1,0,0,0,9
5755,"GX886AE",0,0,75,4,"12/31/24 00:00:00",1,0,0,0,9
5756,"GX887AE",0,0,75,4,"12/31/24 00:00:00",1,0,0,0,9
5757,"GX888AE",0,0,75,4,"12/31/24 00:00:00",1,0,0,0,9
5758,"GX889AE",0,0,75,4,"12/31/24 00:00:00",1,0,0,0,9
5759,"GX890AE",0,0,75,4,"12/31/24 00:00:00",1,0,0,0,9
5760,"GX891AE",0,0,75,4,"12/31/24 00:00:00",1,0,0,0,9
5761,"GX892AE",0,0,75,4,"12/31/24 00:00:00",1,0,0,0,9
5762,"GX893AE",0,0,75,4,"12/31/24 00:00:00",1,0,0,0,9
5763,"GX894AE",0,0,75,4,"12/31/24 00:00:00",1,0,0,0,9
5764,"GX895AE",0,0,75,4,"12/31/24 00:00:00",1,0,0,0,9
5765,"GX896AE",0,0,75,4,"12/31/24 00:00:00",1,0,0,0,9
5766,"GX897AE",0,0,75,4,"12/31/24 00:00:00",1,0,0,0,9
5768,"EJ989YW",0,0,82,4,"02/28/25 00:00:00",1,0,0,0,9
5769,"DN175LA",0,0,127,12,"01/31/25 00:00:00",1,0,0,0,9
5770,"FL210MM",3,0,139,12,"08/31/25 00:00:00",1,0,0,0,9
5771,"FY642HP",0,0,14,4,"03/31/25 00:00:00",1,0,0,0,9
5772,"FY643HP",0,0,14,4,"03/31/25 00:00:00",1,0,0,0,9
5773,"FY579HP",0,0,14,4,"03/31/25 00:00:00",1,0,0,0,9
5774,"GJ817MK",0,0,14,4,"03/31/25 00:00:00",1,0,0,0,9
5775,"GX964AE",0,0,91,4,"01/31/25 00:00:00",1,0,0,0,9
5776,"GX965AE",0,0,91,4,"01/31/25 00:00:00",1,0,0,0,9
5777,"ER293CB",0,0,30,12,"05/31/25 00:00:00",1,0,0,0,9
5778,"GX046AB",0,0,85,12,"11/30/24 00:00:00",1,0,0,0,9
5779,"GC433MC",0,0,115,12,"09/30/25 00:00:00",1,0,0,0,9
5780,"GH297GW",0,0,139,12,"11/30/25 00:00:00",1,0,0,0,9
5782,"GF559JK",0,0,16,4,"01/31/25 00:00:00",1,0,0,0,9
5783,"GF560JK",0,0,16,4,"01/31/25 00:00:00",1,0,0,0,9
5784,"GF561JK",0,0,16,4,"01/31/25 00:00:00",1,0,0,0,9
5785,"GF562JK",0,0,16,4,"01/31/25 00:00:00",1,0,0,0,9
5788,"ZB521BD",0,0,134,12,"01/31/25 00:00:00",1,0,0,0,9
5789,"GX861TZ",0,0,14,4,"12/31/25 00:00:00",1,0,0,0,9
5790,"GX992AE",0,0,113,4,"01/31/25 00:00:00",1,0,0,0,9
5791,"GY007DV",0,0,75,4,"01/31/25 00:00:00",1,0,0,0,9
5792,"GY008DV",0,0,75,4,"01/31/25 00:00:00",1,0,0,0,9
5793,"GY009DV",0,0,75,4,"01/31/25 00:00:00",1,0,0,0,9
5794,"GY010DV",0,0,75,4,"01/31/25 00:00:00",1,0,0,0,9
5795,"GY011DV",0,0,75,4,"01/31/25 00:00:00",1,0,0,0,9
5796,"GV976WF",0,0,14,4,"10/31/24 00:00:00",1,0,0,0,9
5797,"GX883TZ",0,0,14,4,"01/31/25 00:00:00",1,0,0,0,9
5798,"GB696AK",0,0,84,12,"10/31/25 00:00:00",1,0,0,0,9
5800,"GY016DV",0,0,101,4,"01/31/25 00:00:00",1,0,0,0,9
5803,"GM790EC",0,0,14,12,"01/31/25 00:00:00",1,0,0,0,9
5804,"FL713BL",0,0,79,4,"03/31/25 00:00:00",1,0,0,0,9
5805,"GY815DR",0,0,134,12,"01/31/25 00:00:00",1,0,0,0,9
5806,"GY816DR",0,0,134,12,"01/31/25 00:00:00",1,0,0,0,9
5807,"GY817DR",0,0,134,12,"01/31/25 00:00:00",1,0,0,0,9
5808,"FP589RS",0,0,54,4,"02/28/25 00:00:00",1,0,0,0,9
5812,"GY819DR",0,0,134,12,"01/31/25 00:00:00",1,0,0,0,9
5813,"GY820DR",0,0,134,12,"01/25/25 00:00:00",1,0,0,0,9
5814,"GY821DR",0,0,134,12,"01/25/25 00:00:00",1,0,0,0,9
5815,"GY822DR",0,0,134,12,"01/25/25 00:00:00",1,0,0,0,9
5816,"GY823DR",0,0,134,12,"01/25/25 00:00:00",1,0,0,0,9
5817,"GY824DR",0,0,134,12,"01/25/25 00:00:00",1,0,0,0,9
5818,"GY825DR",0,0,134,12,"01/25/25 00:00:00",1,0,0,0,9
5819,"GY826DR",0,0,134,12,"01/25/25 00:00:00",1,0,0,0,9
5820,"GY827DR",0,0,134,12,"01/25/25 00:00:00",1,0,0,0,9
5821,"EB306RC",0,0,70,4,"05/31/25 00:00:00",1,0,0,0,9
5822,"BG192972",0,0,46,12,"01/31/26 00:00:00",1,0,0,0,9
5823,"EX969LF",0,0,82,4,"03/31/25 00:00:00",1,0,0,0,9
5824,"GY074DV",0,0,17,4,"02/28/25 00:00:00",1,0,0,0,9
5825,"GY075DV",0,0,17,4,"02/28/25 00:00:00",1,0,0,0,9
5826,"GY076DV",0,0,17,4,"02/28/25 00:00:00",1,0,0,0,9
5827,"GY078DV",0,0,97,12,"02/28/25 00:00:00",1,0,0,0,9
5828,"GY080DV",0,0,92,4,"02/28/25 00:00:00",1,0,0,0,9
5831,"GK035SF",0,0,17,12,"02/28/25 00:00:00",1,0,0,0,9
5832,"GP764XX",0,0,17,12,"02/28/25 00:00:00",1,0,0,0,9
5833,"FZ616FB",0,0,127,12,"09/30/25 00:00:00",1,0,0,0,9
5834,"GW567TB",0,0,132,12,"01/31/25 00:00:00",1,0,0,0,9
5835,"GY101DV",0,0,41,4,"02/28/25 00:00:00",1,0,0,0,9
5836,"GY102DV",0,0,41,4,"02/28/25 00:00:00",1,0,0,0,9
5837,"GY100DV",0,0,73,12,"02/28/25 00:00:00",1,0,0,0,9
5838,"GW185YV",0,0,14,12,"02/28/25 00:00:00",1,0,0,0,9
5840,"GC717RN",0,0,99,4,"06/30/25 00:00:00",1,0,0,0,9
5841,"ER358DJ",0,0,127,12,"04/30/25 00:00:00",1,0,0,0,9
5842,"DS892XN",0,0,127,12,"09/30/25 00:00:00",1,0,0,0,9
5844,"EB382ZJ",0,0,141,12,"02/28/25 00:00:00",1,0,0,0,9
5845,"GP220XZ,",0,0,137,4,"02/28/25 00:00:00",1,0,0,0,9
5846,"GY131DV",0,0,70,4,"02/28/25 00:00:00",1,0,0,0,9
5847,"GY130DV",0,0,83,4,"02/28/25 00:00:00",1,0,0,0,9
5848,"ES623SH",0,0,127,12,"09/30/25 00:00:00",1,0,0,0,9
5849,"GS950XC",0,0,92,12,"01/31/26 00:00:00",1,0,0,0,9
5850,"GY522DP",0,0,17,12,"12/31/24 00:00:00",1,0,0,0,9
5851,"GT379TK",0,0,132,12,"05/31/25 00:00:00",1,0,0,0,9
5852,"BS526JW",0,0,132,12,"12/31/25 00:00:00",1,0,0,0,9
5853,"GY132DV",0,0,132,4,"02/28/25 00:00:00",1,0,0,0,9
5854,"GX942LX",0,0,141,12,"02/28/25 00:00:00",1,0,0,0,9
5855,"GY136DV",0,0,78,4,"02/28/25 00:00:00",1,0,0,0,9
5856,"DW38140",6,0,18,12,"10/31/25 00:00:00",1,0,0,0,9
5858,"GF402JK",0,0,127,12,"03/31/25 00:00:00",1,0,0,0,9
5859,"GY223DV",0,0,136,4,"03/31/25 00:00:00",1,0,0,0,9
5860,"GY218DV",0,0,75,4,"03/31/25 00:00:00",1,0,0,0,9
5861,"GY219DV",0,0,75,4,"03/25/25 00:00:00",1,0,0,0,9
5862,"GY220DV",0,0,75,4,"03/31/25 00:00:00",1,0,0,0,9
5863,"GY221DV",0,0,75,4,"03/31/25 00:00:00",1,0,0,0,9
5864,"GY222DV",0,0,75,4,"03/31/25 00:00:00",1,0,0,0,9
5865,"FN139WD",0,0,17,4,"03/31/25 00:00:00",1,0,0,0,9
5866,"GY229DV",0,0,1,4,"03/31/25 00:00:00",1,0,0,0,9
5867,"ZA908SS",0,0,86,12,"03/31/25 00:00:00",1,0,0,0,9
5868,"ZA480EZ",0,0,86,12,"01/31/26 00:00:00",1,0,0,0,9
5870,"FV679DG",0,0,54,4,"04/30/25 00:00:00",1,0,0,0,9
5871,"GY267DV",0,0,35,12,"03/31/25 00:00:00",1,0,0,0,9
5872,"GW842TC",0,0,134,12,"03/31/25 00:00:00",1,0,0,0,9
5873,"GY233YF",0,0,115,12,"03/31/25 00:00:00",1,0,0,0,9
5874,"GM038AS",0,0,143,4,"06/30/25 00:00:00",1,0,0,0,9
5875,"GX771VB",0,0,133,12,"02/28/25 00:00:00",1,0,0,0,9
5876,"GY287DV",0,0,83,4,"03/31/25 00:00:00",1,0,0,0,9
5879,"GY623YD",0,0,134,12,"04/30/25 00:00:00",1,0,0,0,9
5882,"GJ858BR",0,0,84,12,"12/31/25 00:00:00",1,0,0,0,9
5886,"EB761XC",0,0,127,12,"02/28/26 00:00:00",1,0,0,0,9
5887,"GY317DV",0,0,77,4,"04/30/25 00:00:00",1,0,0,0,9
5888,"FS786FV",0,0,134,12,"04/30/25 00:00:00",1,0,0,0,9
5889,"FT463GF,",0,0,137,4,"12/31/25 00:00:00",1,0,0,0,9
5890,"GJ615LV",0,0,18,12,"04/30/25 00:00:00",1,0,0,0,9
5891,"GY629YD",0,0,115,12,"04/30/25 00:00:00",1,0,0,0,9
5892,"GX502AE",0,0,84,4,"12/31/25 00:00:00",1,0,0,0,9
5893,"GX503AE",0,0,84,4,"12/31/25 00:00:00",1,0,0,0,9
5894,"GX504AE",0,0,84,4,"12/31/25 00:00:00",1,0,0,0,9
5895,"GP040XZ",0,0,132,4,"04/30/25 00:00:00",1,0,0,0,9
5896,"FR332YW",0,0,17,12,"04/30/25 00:00:00",1,0,0,0,9
5897,"GY300YH",0,0,83,12,"04/30/25 00:00:00",1,0,0,0,9
5898,"CB580ND",0,0,14,12,"01/31/26 00:00:00",1,0,0,0,9
5899,"GY319DV",0,0,70,4,"04/30/25 00:00:00",1,0,0,0,9
5900,"GY320DV",0,0,70,4,"04/30/25 00:00:00",1,0,0,0,9
5901,"GY357YH",0,0,84,12,"03/31/26 00:00:00",1,0,0,0,9
5902,"GY360YH",0,0,84,12,"03/31/26 00:00:00",1,0,0,0,9
5903,"GB707BR",0,0,14,4,"07/31/25 00:00:00",1,0,0,0,9
5904,"FG689DR",0,0,54,4,"07/31/25 00:00:00",1,0,0,0,9
5906,"GY615YD",0,0,84,12,"04/30/25 00:00:00",1,0,0,0,9
5908,"FF338EB",0,0,134,12,"06/30/25 00:00:00",1,0,0,0,9
5909,"FF249EB",0,0,134,12,"06/30/25 00:00:00",1,0,0,0,9
5910,"GY365DV",0,0,14,4,"04/30/25 00:00:00",1,0,0,0,9
5911,"GY364DV",0,0,14,4,"04/30/25 00:00:00",1,0,0,0,9
5912,"GY311YJ",0,0,113,4,"04/30/25 00:00:00",1,0,0,0,9
5913,"GY312YJ",0,0,113,4,"04/30/25 00:00:00",1,0,0,0,9
5914,"GZ870AM",0,0,83,12,"04/30/25 00:00:00",1,0,0,0,9
5915,"GY384DV",0,0,78,4,"04/30/25 00:00:00",1,0,0,0,9
5916,"GY368DV",0,0,113,12,"04/30/25 00:00:00",1,0,0,0,9
5917,"GY383DV",0,0,35,4,"04/30/25 00:00:00",1,0,0,0,9
5918,"GY371DV",0,0,82,4,"04/30/25 00:00:00",1,0,0,0,9
5919,"GY372DV",0,0,82,4,"04/25/25 00:00:00",1,0,0,0,9
5920,"GY373DV",0,0,82,4,"04/25/25 00:00:00",1,0,0,0,9
5921,"GY374DV",0,0,82,4,"04/25/25 00:00:00",1,0,0,0,9
5922,"GY375DV",0,0,82,4,"04/25/25 00:00:00",1,0,0,0,9
5923,"GY555LG",0,0,75,12,"03/31/25 00:00:00",1,0,0,0,9
5924,"EP48479",6,0,141,12,"02/28/26 00:00:00",1,0,0,0,9
5925,"EA47167",6,0,141,12,"06/30/25 00:00:00",1,0,0,0,9
5926,"GY388DV",0,0,41,4,"04/30/25 00:00:00",1,0,0,0,9
5927,"FL268LR",0,0,119,12,"05/31/25 00:00:00",1,0,0,0,9
5928,"GY398DV",0,0,133,4,"05/31/25 00:00:00",1,0,0,0,9
5929,"GY399DV",0,0,89,12,"05/31/25 00:00:00",1,0,0,0,9
5931,"GY400DV",0,0,89,12,"05/25/25 00:00:00",1,0,0,0,9
5932,"GY401DV",0,0,89,12,"05/25/25 00:00:00",1,0,0,0,9
5933,"GY402DV",0,0,89,12,"05/25/25 00:00:00",1,0,0,0,9
5934,"GY403DV",0,0,89,12,"05/25/25 00:00:00",1,0,0,0,9
5935,"GY404DV",0,0,89,12,"05/25/25 00:00:00",1,0,0,0,9
5936,"GD846AP",0,0,139,12,"01/31/26 00:00:00",1,0,0,0,9
5938,"GX386XT",0,0,19,12,"01/31/26 00:00:00",1,0,0,0,9
5939,"GY356DV",0,0,35,12,"08/31/25 00:00:00",1,0,0,0,9
5940,"GS246GJ",0,0,134,12,"07/31/25 00:00:00",1,0,0,0,9
5941,"GY043YE",0,0,84,12,"03/31/25 00:00:00",1,0,0,0,9
5943,"DJ369EL",0,0,87,4,"09/30/25 00:00:00",1,0,0,0,9
5944,"FV089DG",0,0,17,4,"05/31/25 00:00:00",1,0,0,0,9
5945,"GY095MH",0,0,14,4,"03/31/25 00:00:00",1,0,0,0,9
5946,"GY096MH",0,0,14,4,"03/31/25 00:00:00",1,0,0,0,9
5947,"GY395DV",0,0,83,4,"05/31/25 00:00:00",1,0,0,0,9
5949,"GM741AS",0,0,1,4,"08/31/25 00:00:00",1,0,0,0,9
5950,"GY481DV",0,0,14,4,"05/31/25 00:00:00",1,0,0,0,9
5951,"GY482DV",0,0,14,4,"05/31/25 00:00:00",1,0,0,0,9
5952,"GY483DV",0,0,14,4,"05/31/25 00:00:00",1,0,0,0,9
5953,"GY322YJ",0,0,92,4,"05/31/25 00:00:00",1,0,0,0,9
5954,"FH882LD,",0,0,137,4,"06/30/25 00:00:00",1,0,0,0,9
5956,"GY911DV",0,0,127,12,"06/30/25 00:00:00",1,0,0,0,9
5957,"GY912DV",0,0,83,4,"06/30/25 00:00:00",1,0,0,0,9
5958,"GY233YM",0,0,134,12,"06/30/25 00:00:00",1,0,0,0,9
5959,"GY234YM",0,0,92,4,"06/30/25 00:00:00",1,0,0,0,9
5960,"FY197VZ",0,0,14,4,"09/30/25 00:00:00",1,0,0,0,9
5962,"BV521VV",0,0,132,12,"09/30/25 00:00:00",1,0,0,0,9
5963,"FX182TM",9,0,138,12,"08/31/25 00:00:00",1,0,0,0,9
5965,"GN069CP",0,0,78,4,"09/30/25 00:00:00",1,0,0,0,9
5966,"GN341CR",3,0,138,12,"01/31/26 00:00:00",1,0,0,0,9
5967,"ER514VJ",0,0,35,12,"04/30/26 00:00:00",1,0,0,0,9
5969,"FM096CR.",0,0,4,4,"09/30/25 00:00:00",1,0,0,0,9
5972,"GY974DV",0,0,115,12,"06/30/25 00:00:00",1,0,0,0,9
5973,"GY979DV",0,0,89,12,"07/31/25 00:00:00",1,0,0,0,9
5974,"AL790HD",0,0,127,12,"09/30/25 00:00:00",1,0,0,0,9
5975,"GY983DV",0,0,83,4,"06/30/25 00:00:00",1,0,0,0,9
5976,"GS967GJ",0,0,140,12,"06/30/25 00:00:00",1,0,0,0,9
5977,"GY167YM",0,0,83,12,"06/30/25 00:00:00",1,0,0,0,9
5978,"GP427CP",0,0,83,4,"11/30/25 00:00:00",1,0,0,0,9
5979,"DT576VE",0,0,86,4,"11/30/25 00:00:00",1,0,0,0,9
5980,"GX180AW",0,0,83,12,"10/31/25 00:00:00",1,0,0,0,9
5981,"GY988DV",0,0,77,4,"06/30/25 00:00:00",1,0,0,0,9
5982,"GW637BG",0,0,97,12,"06/30/25 00:00:00",1,0,0,0,9
5983,"HA417EM",0,0,98,12,"06/30/25 00:00:00",1,0,0,0,9
5984,"HA017NS",0,0,16,4,"07/31/25 00:00:00",1,0,0,0,9
5987,"GW115MH",0,0,90,12,"07/31/25 00:00:00",1,0,0,0,9
5988,"FM360YS",0,0,110,12,"11/30/25 00:00:00",1,0,0,0,9
5989,"HA026NS",0,0,14,4,"07/31/25 00:00:00",1,0,0,0,9
5991,"HA111NL",0,0,92,4,"07/31/25 00:00:00",1,0,0,0,9
5992,"FF079RX",0,0,4,12,"08/31/25 00:00:00",1,0,0,0,9
5993,"EH280ED",0,0,30,4,"08/31/25 00:00:00",1,0,0,0,9
5995,"FT905ZD",0,0,115,12,"08/31/25 00:00:00",1,0,0,0,9
5996,"GW532HX",0,0,78,4,"08/31/25 00:00:00",1,0,0,0,9
5997,"HA107NL",0,0,75,4,"08/31/25 00:00:00",1,0,0,0,9
5998,"HA108NL",0,0,75,4,"08/31/25 00:00:00",1,0,0,0,9
5999,"HA110NL",0,0,75,4,"08/31/25 00:00:00",1,0,0,0,9
6000,"HA113NL",0,0,75,4,"08/31/25 00:00:00",1,0,0,0,9
6001,"HA129NL",0,0,75,4,"08/31/25 00:00:00",1,0,0,0,9
6002,"GH449MB",0,0,46,12,"03/31/22 00:00:00",1,0,0,0,9
6003,"GW737BF",0,0,136,12,"08/31/25 00:00:00",1,0,0,0,9
6004,"GS697HX",0,0,138,12,"10/31/25 00:00:00",1,0,0,0,9
6005,"HA619YN",0,0,90,12,"08/31/25 00:00:00",1,0,0,0,9
6006,"GA261BK",0,0,138,12,"03/30/26 00:00:00",1,0,0,0,9
6007,"HA913NM",0,0,21,12,"08/31/25 00:00:00",1,0,0,0,9
6008,"GY585DV",0,0,73,12,"04/30/26 00:00:00",1,0,0,0,9
6009,"FZ165TR",4,0,18,12,"04/30/26 00:00:00",1,0,0,0,9
6010,"GK371SK",4,0,18,12,"07/31/26 00:00:00",1,0,0,0,9
6011,"EB492RG",4,0,18,12,"06/30/26 00:00:00",1,0,0,0,9
6012,"GD663TF",0,0,110,12,"10/31/25 00:00:00",1,0,0,0,9
6013,"ED190DF",0,0,139,12,"06/30/25 00:00:00",1,0,0,0,9
6014,"EM529JH",0,0,139,12,"05/31/26 00:00:00",1,0,0,0,9
6015,"GG333PL",0,0,129,4,"09/30/25 00:00:00",1,0,0,0,9
6016,"HA871NM",0,0,140,4,"09/30/25 00:00:00",1,0,0,0,9
6017,"HA895NM",0,0,16,4,"09/30/25 00:00:00",1,0,0,0,9
6018,"HA868NM",0,0,16,4,"09/30/25 00:00:00",1,0,0,0,9
6019,"HA897NM",0,0,16,4,"09/30/25 00:00:00",1,0,0,0,9
6020,"GS561CG",0,0,78,4,"10/31/25 00:00:00",1,0,0,0,9
6022,"GZ271RN",0,0,14,4,"08/31/25 00:00:00",1,0,0,0,9
6023,"BW533PM",0,0,18,12,"08/31/26 00:00:00",1,0,0,0,9
6024,"HA555NP",0,0,138,12,"09/30/25 00:00:00",1,0,0,0,9
6025,"GZ215RN",0,0,134,12,"09/30/25 00:00:00",1,0,0,0,9
6026,"GW339AZ",0,0,104,4,"08/31/25 00:00:00",1,0,0,0,9
6027,"GS272SW",0,0,140,12,"02/28/26 00:00:00",1,0,0,0,9
6028,"FP988RS",0,0,134,12,"09/30/25 00:00:00",1,0,0,0,9
6029,"HA562NP",0,0,16,4,"09/30/25 00:00:00",1,0,0,0,9
6030,"HA563NP",0,0,16,4,"09/30/25 00:00:00",1,0,0,0,9
6031,"HA575NP",0,0,134,12,"09/30/25 00:00:00",1,0,0,0,9
6032,"HA580NP",0,0,2,4,"09/30/25 00:00:00",1,0,0,0,9
6033,"HA581NP",0,0,2,4,"09/30/25 00:00:00",1,0,0,0,9
6034,"GK435SF",0,0,84,4,"10/31/25 00:00:00",1,0,0,0,9
6036,"HA569NP",0,0,1,4,"09/30/25 00:00:00",1,0,0,0,9
6037,"HA568NP",0,0,1,4,"09/30/25 00:00:00",1,0,0,0,9
6038,"HA567NP",0,0,1,4,"09/30/25 00:00:00",1,0,0,0,9
6039,"HA570NP",0,0,1,4,"09/30/25 00:00:00",1,0,0,0,9
6040,"HA560NP",0,0,84,12,"09/30/25 00:00:00",1,0,0,0,9
6041,"AA51637",,0,144,12,"12/31/25 00:00:00",1,0,0,0,9
6042,"BS163WY",3,0,144,12,"01/31/26 00:00:00",1,0,0,0,9
6043,"DB613XJ",3,0,144,12,"04/30/26 00:00:00",1,0,0,0,9
6044,"DK210WP",9,0,144,12,"07/31/26 00:00:00",1,0,0,0,9
6045,"DK985WP",3,0,144,12,"09/30/25 00:00:00",1,0,0,0,9
6046,"DN418DG",3,0,144,12,"12/31/25 00:00:00",1,0,0,0,9
6047,"DT010EE",3,0,144,12,"11/30/25 00:00:00",1,0,0,0,9
6048,"EF768NC",9,0,144,4,"11/30/25 00:00:00",1,0,0,0,9
6049,"EH062ED",9,0,144,4,"12/31/25 00:00:00",1,0,0,0,9
6050,"EZ040HS",1,0,144,4,"10/31/25 00:00:00",1,0,0,0,9
6051,"FA070ZS",1,0,144,4,"12/31/25 00:00:00",1,0,0,0,9
6052,"FA922PM",3,0,144,12,"12/31/25 00:00:00",1,0,0,0,9
6053,"FD676PD",3,0,144,12,"04/30/26 00:00:00",1,0,0,0,9
6021,"GZ567RM",0,0,14,4,"06/30/25 00:00:00",1,0,0,0,9
6054,"FK939VM",3,0,144,12,"08/31/26 00:00:00",1,0,0,0,9
6055,"FL150HC",3,0,144,12,"10/31/25 00:00:00",1,0,0,0,9
6056,"FV132DF",3,0,144,12,"11/30/25 00:00:00",1,0,0,0,9
6057,"GA534BH",3,0,144,12,"05/31/26 00:00:00",1,0,0,0,9
6058,"GA826BK",3,0,144,12,"10/31/25 00:00:00",1,0,0,0,9
6059,"GP156XZ",9,0,144,4,"09/30/25 00:00:00",1,0,0,0,9
6060,"GP172YC",3,0,144,12,"11/30/25 00:00:00",1,0,0,0,9
6061,"GP181CP",3,0,144,12,"05/31/26 00:00:00",1,0,0,0,9
6062,"GP328XZ",1,0,144,4,"11/30/25 00:00:00",1,0,0,0,9
6063,"GS827GJ",3,0,144,12,"04/30/26 00:00:00",1,0,0,0,9
6064,"GW844BG",9,0,144,12,"08/31/26 00:00:00",1,0,0,0,9
6065,"HA860NM",9,0,144,12,"08/31/26 00:00:00",1,0,0,0,9
6067,"DN618DG",3,0,144,12,"01/31/26 00:00:00",1,0,0,0,9
6069,"HA597NP",0,0,134,12,"09/30/25 00:00:00",1,0,0,0,9
6070,"CM585XH",0,0,54,4,"11/30/25 00:00:00",1,0,0,0,9
6072,"HA593NP",0,0,84,12,"09/30/25 00:00:00",1,0,0,0,9
6073,"CK317BL",0,0,54,12,"08/31/26 00:00:00",1,0,0,0,9
6074,"HA574NP",0,0,115,12,"09/30/25 00:00:00",1,0,0,0,9
6075,"HA599NP",0,0,84,12,"09/30/25 00:00:00",1,0,0,0,9
6076,"HA584NP",9,0,144,4,"09/30/25 00:00:00",1,0,0,0,9
6077,"HA585NP",0,0,89,12,"09/30/25 00:00:00",1,0,0,0,9
6078,"GX120AE",0,0,110,12,"09/30/25 00:00:00",1,0,0,0,9
6080,"CZ448EA",,,,12,"11/30/24 00:00:00",1,0,0,0,9
6085,"CZ448EA,",0,0,139,12,"11/30/25 00:00:00",1,0,0,0,9
6087,"FX459TM",0,0,140,4,"10/31/25 00:00:00",1,0,0,0,9
6088,"HB081MK",0,0,134,12,"09/30/25 00:00:00",1,0,0,0,9
6089,"HB082MK",0,0,134,12,"09/30/25 00:00:00",1,0,0,0,9
6090,"HB086MK",0,0,84,12,"09/30/25 00:00:00",1,0,0,0,9
6091,"HB083MK",0,0,86,4,"09/30/25 00:00:00",1,0,0,0,9
6092,"HB090MK",0,0,84,4,"09/30/25 00:00:00",1,0,0,0,9
6093,"HB089MK",0,0,84,4,"09/30/25 00:00:00",1,0,0,0,9
6094,"HB091MK",0,0,84,4,"09/30/25 00:00:00",1,0,0,0,9
6095,"HB092MK",0,0,84,4,"09/30/25 00:00:00",1,0,0,0,9
6096,"HA568JH",0,0,110,12,"09/30/25 00:00:00",1,0,0,0,9
6098,"HB073MK",0,0,89,12,"10/31/25 00:00:00",1,0,0,0,9
6099,"HB075MK",0,0,89,12,"10/25/25 00:00:00",1,0,0,0,9
6100,"HB076MK",0,0,89,12,"10/25/25 00:00:00",1,0,0,0,9
6101,"HB077MK",0,0,89,12,"10/25/25 00:00:00",1,0,0,0,9
6102,"GY721DV",0,0,84,12,"06/30/26 00:00:00",1,0,0,0,9
6103,"HB078MK",0,0,77,4,"10/31/25 00:00:00",1,0,0,0,9
6104,"HB060MK",0,0,137,12,"10/31/25 00:00:00",1,0,0,0,9
6105,"GC009RN",0,0,54,4,"10/31/25 00:00:00",1,0,0,0,9
6106,"FT137GF",0,0,129,4,"10/31/25 00:00:00",1,0,0,0,9
6107,"FT138GF",0,0,129,4,"10/25/25 00:00:00",1,0,0,0,9
6108,"FT145GF",0,0,129,4,"10/25/25 00:00:00",1,0,0,0,9
6109,"HA414NM",0,0,90,12,"09/30/25 00:00:00",1,0,0,0,9
6110,"FV457JH",0,0,134,12,"05/31/27 00:00:00",1,0,0,0,9
6111,"HA015NS",0,0,35,4,"07/31/26 00:00:00",1,0,0,0,9
6112,"HA016NS",0,0,35,4,"07/31/26 00:00:00",1,0,0,0,9
6114,"GF387FV",0,0,129,4,"10/31/25 00:00:00",1,0,0,0,9
6115,"GF385FV",0,0,129,4,"10/31/25 00:00:00",1,0,0,0,9
6116,"HA396DN",0,0,144,12,"05/31/25 00:00:00",1,0,0,0,9
6117,"FP996AB",0,0,127,12,"10/31/25 00:00:00",1,0,0,0,9
6118,"FZ675MB",0,0,14,4,"01/31/26 00:00:00",1,0,0,0,9
6119,"FZ676MB",0,0,14,4,"01/31/26 00:00:00",1,0,0,0,9
6121,"GJ110BR.",0,0,14,4,"05/31/26 00:00:00",1,0,0,0,9
6122,"HA067YW",0,0,101,12,"10/31/25 00:00:00",1,0,0,0,9
6123,"ER514VY",0,0,35,12,"06/30/26 00:00:00",1,0,0,0,9
6124,"HB337ML",0,0,92,4,"10/31/25 00:00:00",1,0,0,0,9
6125,"HB342ML",0,0,84,12,"10/31/25 00:00:00",1,0,0,0,9
6126,"FT214GF",0,0,129,4,"11/25/31 00:00:00",1,0,0,0,9
6127,"HB305ML",0,0,115,12,"11/25/31 00:00:00",1,0,0,0,9
6129,"HB331ML",0,0,1,4,"11/30/25 00:00:00",1,0,0,0,9
6130,"HB332ML",0,0,1,4,"11/30/25 00:00:00",1,0,0,0,9
6131,"HB336ML",0,0,1,4,"11/30/25 00:00:00",1,0,0,0,9
6132,"HA444NN",0,0,18,12,"09/30/26 00:00:00",1,0,0,0,9
6133,"HA043NP",0,0,144,12,"05/31/26 00:00:00",1,0,0,0,9
6134,"GY723DV",0,0,92,12,"02/28/26 00:00:00",1,0,0,0,9
6135,"EX793BT",0,0,109,12,"09/30/26 00:00:00",1,0,0,0,9
6136,"FW301DM",0,0,96,12,"04/30/26 00:00:00",1,0,0,0,9
6137,"EP183BC",1,0,145,4,"09/30/25 00:00:00",1,0,0,0,9
6138,"EP965BC",1,0,145,4,"09/30/25 00:00:00",1,0,0,0,9
6139,"FC023WD",1,0,145,4,"10/31/25 00:00:00",1,0,0,0,9
6140,"EP184BC",1,0,145,4,"09/30/25 00:00:00",1,0,0,0,9
6141,"GF558JK",2,0,145,4,"09/30/25 00:00:00",1,0,0,0,9
6142,"ER004VY",1,0,145,4,"11/30/25 00:00:00",1,0,0,0,9
6143,"FK884NX",2,0,145,4,"10/31/25 00:00:00",1,0,0,0,9
6144,"ER260VY",1,0,145,4,"09/30/25 00:00:00",1,0,0,0,9
6145,"GX041AE",1,0,145,4,"10/31/25 00:00:00",1,0,0,0,9
6146,"ZA015RZ",1,0,145,4,"10/31/25 00:00:00",1,0,0,0,9
6147,"FV205DG",2,0,145,4,"02/28/26 00:00:00",1,0,0,0,9
6148,"FX109TM",2,0,145,4,"11/30/25 00:00:00",1,0,0,0,9
6149,"DD641RG",3,0,145,12,"12/31/25 00:00:00",1,0,0,0,9
6150,"DK315WP",1,0,145,4,"12/31/25 00:00:00",1,0,0,0,9
6151,"DN740MS",3,0,145,12,"03/31/26 00:00:00",1,0,0,0,9
6152,"EP185BC",1,0,145,4,"09/30/25 00:00:00",1,0,0,0,9
6153,"FC025WD",1,0,145,4,"10/31/25 00:00:00",1,0,0,0,9
6154,"CZ621EA",1,0,145,4,"12/31/25 00:00:00",1,0,0,0,9
6155,"DE885EE",1,0,145,4,"12/31/25 00:00:00",1,0,0,0,9
6156,"DM745EP",1,0,145,4,"10/31/25 00:00:00",1,0,0,0,9
6157,"DJ909TY",1,0,145,4,"12/31/25 00:00:00",1,0,0,0,9
6158,"DK879SC",1,0,145,4,"12/31/25 00:00:00",1,0,0,0,9
6159,"CS618DS",1,0,145,4,"09/30/25 00:00:00",1,0,0,0,9
6160,"GP499XZ",3,0,145,12,"09/30/25 00:00:00",1,0,0,0,9
6161,"EF130NC",1,0,145,4,"12/31/25 00:00:00",1,0,0,0,9
6162,"GJ404BR",1,0,145,4,"12/31/25 00:00:00",1,0,0,0,9
6163,"GY448DV",1,0,145,4,"09/30/25 00:00:00",1,0,0,0,9
6164,"CW480AP",4,0,145,12,"12/31/25 00:00:00",1,0,0,0,9
6165,"FV789HX",4,0,145,12,"02/28/26 00:00:00",1,0,0,0,9
6166,"EV812NM",4,0,145,12,"04/30/26 00:00:00",1,0,0,0,9
6167,"GP174XZ",0,0,145,4,"10/31/25 00:00:00",1,0,0,0,9
6168,"HB731MP",0,0,19,12,"11/30/25 00:00:00",1,0,0,0,9
6169,"HB732MP",0,0,19,12,"11/30/25 00:00:00",1,0,0,0,9
6170,"HB733MP",0,0,19,12,"11/30/25 00:00:00",1,0,0,0,9
6171,"HB740MP",0,0,4,4,"12/31/25 00:00:00",1,0,0,0,9
6172,"HB741MP",0,0,4,4,"12/31/25 00:00:00",1,0,0,0,9
6173,"HB739MP",0,0,137,4,"12/31/25 00:00:00",1,0,0,0,9
6174,"HB725MP",0,0,68,4,"11/30/25 00:00:00",1,0,0,0,9
6175,"DZ392YL",0,0,140,12,"12/31/25 00:00:00",1,0,0,0,9
6176,"GH555LY",0,0,75,12,"12/31/25 00:00:00",1,0,0,0,9
6177,"HB766MP",0,0,2,4,"12/31/25 00:00:00",1,0,0,0,9
6178,"FV469JH",0,0,141,4,"01/31/26 00:00:00",1,0,0,0,9
6179,"GC441VW",0,0,14,4,"01/31/26 00:00:00",1,0,0,0,9
6180,"GS989GD",0,0,77,12,"12/31/26 00:00:00",1,0,0,0,9
6181,"HB791MP",0,0,97,12,"12/31/25 00:00:00",1,0,0,0,9
6182,"HB790MP",0,0,97,12,"12/31/25 00:00:00",1,0,0,0,9
6183,"CT759ZF",0,0,111,12,"02/28/26 00:00:00",1,0,0,0,9
6184,"HA309ZB",0,0,144,12,"01/31/26 00:00:00",1,0,0,0,9
6185,"CE414SR",0,0,127,12,"09/30/26 00:00:00",1,0,0,0,9
6186,"EY127RP",0,0,127,12,"09/30/26 00:00:00",1,0,0,0,9
6187,"EV444FC",0,0,127,12,"09/30/26 00:00:00",1,0,0,0,9
6188,"HB091NG",0,0,14,4,"11/30/25 00:00:00",1,0,0,0,9
